08:15:06 INFO Bootstrap spot: 23997.55
08:15:07 WARNING bootstrap_prices futures get_quotes: Error in get_quotes(): Expecting value: line 1 column 1 (char 0)
08:15:08 INFO Bootstrap futures (option_chain): 24136.00
08:15:08 INFO VIX fetch: 18.46
09:00:00 INFO FeedManager: WebSocket connected
09:00:00 INFO subscribe_spot: {'message': 'Stock NIFTY subscribed successfully'}
09:00:00 INFO subscribe_futures: {'message': 'Stock NIFTY subscribed successfully'}
09:00:03 INFO subscribe_strikes: ATM=24150 added=34 total=34
09:00:06 INFO BrainBridge: HawkBrain started (pid=22448)
09:00:06 INFO FIRST snap sent spot=23940.10
09:00:06 INFO subscribe_strikes: ATM=23950 added=8 total=42
09:00:07 INFO BrainBridge: first decision received dir=NEUTRAL score=0.00
09:01:06 INFO subscribe_strikes: ATM=23850 added=4 total=46
09:01:07 INFO SnapFeeder alive snaps=61
09:01:07 INFO BrainBridge: drain alive, brain pid=22448 alive=True
09:02:07 INFO subscribe_strikes: ATM=23850 added=0 total=46
09:02:07 INFO SnapFeeder alive snaps=121
09:02:07 INFO BrainBridge: drain alive, brain pid=22448 alive=True
09:03:07 INFO subscribe_strikes: ATM=23950 added=0 total=46
09:03:07 INFO SnapFeeder alive snaps=181
09:03:07 INFO BrainBridge: drain alive, brain pid=22448 alive=True
09:04:07 INFO subscribe_strikes: ATM=24050 added=0 total=46
09:04:07 INFO SnapFeeder alive snaps=241
09:04:07 INFO BrainBridge: drain alive, brain pid=22448 alive=True
09:05:07 INFO subscribe_strikes: ATM=24050 added=0 total=46
09:05:07 INFO SnapFeeder alive snaps=301
09:05:07 INFO BrainBridge: drain alive, brain pid=22448 alive=True
09:06:07 INFO subscribe_strikes: ATM=24050 added=0 total=46
09:06:07 INFO SnapFeeder alive snaps=361
09:06:07 INFO BrainBridge: drain alive, brain pid=22448 alive=True
09:07:07 INFO subscribe_strikes: ATM=24050 added=0 total=46
09:07:07 INFO SnapFeeder alive snaps=421
09:07:07 INFO BrainBridge: drain alive, brain pid=22448 alive=True
09:08:07 INFO subscribe_strikes: ATM=24050 added=0 total=46
09:08:07 INFO SnapFeeder alive snaps=481
09:08:07 INFO BrainBridge: drain alive, brain pid=22448 alive=True
09:09:07 INFO subscribe_strikes: ATM=24050 added=0 total=46
09:09:07 INFO SnapFeeder alive snaps=541
09:09:07 INFO BrainBridge: drain alive, brain pid=22448 alive=True
09:10:07 INFO subscribe_strikes: ATM=24050 added=0 total=46
09:10:07 INFO SnapFeeder alive snaps=601
09:10:07 INFO BrainBridge: drain alive, brain pid=22448 alive=True
09:11:07 INFO subscribe_strikes: ATM=24050 added=0 total=46
09:11:07 INFO SnapFeeder alive snaps=661
09:11:07 INFO BrainBridge: drain alive, brain pid=22448 alive=True
09:12:07 INFO subscribe_strikes: ATM=24050 added=0 total=46
09:12:07 INFO SnapFeeder alive snaps=721
09:12:07 INFO BrainBridge: drain alive, brain pid=22448 alive=True
09:13:07 INFO subscribe_strikes: ATM=24050 added=0 total=46
09:13:08 INFO SnapFeeder alive snaps=781
09:13:08 INFO BrainBridge: drain alive, brain pid=22448 alive=True
09:14:07 INFO subscribe_strikes: ATM=24050 added=0 total=46
09:14:08 INFO SnapFeeder alive snaps=841
09:14:08 INFO BrainBridge: drain alive, brain pid=22448 alive=True
09:15:07 INFO subscribe_strikes: ATM=24200 added=2 total=48
09:15:08 INFO SnapFeeder alive snaps=901
09:15:08 INFO BrainBridge: drain alive, brain pid=22448 alive=True
09:15:12 INFO OI refresh: 226 strikes updated
09:15:12 INFO VIX fetch: 17.99
09:16:08 INFO SnapFeeder alive snaps=961
09:16:08 INFO BrainBridge: drain alive, brain pid=22448 alive=True
09:16:12 INFO subscribe_strikes: ATM=24150 added=0 total=48
09:17:08 INFO SnapFeeder alive snaps=1021
09:17:08 INFO BrainBridge: drain alive, brain pid=22448 alive=True
09:17:12 INFO subscribe_strikes: ATM=24200 added=0 total=48
09:18:08 INFO SnapFeeder alive snaps=1081
09:18:08 INFO BrainBridge: drain alive, brain pid=22448 alive=True
09:18:12 INFO subscribe_strikes: ATM=24200 added=0 total=48
09:19:08 INFO SnapFeeder alive snaps=1141
09:19:08 INFO BrainBridge: drain alive, brain pid=22448 alive=True
09:19:12 INFO subscribe_strikes: ATM=24200 added=0 total=48
09:20:08 INFO SnapFeeder alive snaps=1201
09:20:08 INFO BrainBridge: drain alive, brain pid=22448 alive=True
09:20:12 INFO subscribe_strikes: ATM=24200 added=0 total=48
09:21:08 INFO SnapFeeder alive snaps=1261
09:21:08 INFO BrainBridge: drain alive, brain pid=22448 alive=True
09:21:12 INFO subscribe_strikes: ATM=24200 added=0 total=48
09:22:08 INFO SnapFeeder alive snaps=1321
09:22:08 INFO BrainBridge: drain alive, brain pid=22448 alive=True
09:22:12 INFO subscribe_strikes: ATM=24200 added=0 total=48
09:23:09 INFO SnapFeeder alive snaps=1381
09:23:09 INFO BrainBridge: drain alive, brain pid=22448 alive=True
09:23:12 INFO subscribe_strikes: ATM=24200 added=0 total=48
09:24:09 INFO SnapFeeder alive snaps=1441
09:24:09 INFO BrainBridge: drain alive, brain pid=22448 alive=True
09:24:12 INFO subscribe_strikes: ATM=24150 added=0 total=48
09:25:09 INFO SnapFeeder alive snaps=1501
09:25:09 INFO BrainBridge: drain alive, brain pid=22448 alive=True
09:25:12 INFO subscribe_strikes: ATM=24200 added=0 total=48
09:26:09 INFO SnapFeeder alive snaps=1561
09:26:09 INFO BrainBridge: drain alive, brain pid=22448 alive=True
09:26:12 INFO subscribe_strikes: ATM=24200 added=0 total=48
09:27:09 INFO SnapFeeder alive snaps=1621
09:27:09 INFO BrainBridge: drain alive, brain pid=22448 alive=True
09:27:12 INFO subscribe_strikes: ATM=24200 added=0 total=48
09:28:09 INFO SnapFeeder alive snaps=1681
09:28:09 INFO BrainBridge: drain alive, brain pid=22448 alive=True
09:28:12 INFO subscribe_strikes: ATM=24200 added=0 total=48
09:29:09 INFO SnapFeeder alive snaps=1741
09:29:09 INFO BrainBridge: drain alive, brain pid=22448 alive=True
09:29:12 INFO subscribe_strikes: ATM=24200 added=0 total=48
09:30:09 INFO SnapFeeder alive snaps=1801
09:30:09 INFO BrainBridge: drain alive, brain pid=22448 alive=True
09:30:12 INFO subscribe_strikes: ATM=24200 added=0 total=48
09:30:17 INFO OI refresh: 226 strikes updated
09:30:18 INFO VIX fetch: 17.75
09:31:10 INFO SnapFeeder alive snaps=1861
09:31:10 INFO BrainBridge: drain alive, brain pid=22448 alive=True
09:31:18 INFO subscribe_strikes: ATM=24250 added=2 total=50
09:32:10 INFO SnapFeeder alive snaps=1921
09:32:10 INFO BrainBridge: drain alive, brain pid=22448 alive=True
09:32:18 INFO subscribe_strikes: ATM=24200 added=0 total=50
09:33:10 INFO SnapFeeder alive snaps=1981
09:33:10 INFO BrainBridge: drain alive, brain pid=22448 alive=True
09:33:18 INFO subscribe_strikes: ATM=24200 added=0 total=50
09:33:29 INFO TradingThread: FAST ENTRY → retest pending CE @142.7 (first_move=3.0)
09:33:38 INFO TradingThread: CE Phase 1 done — high=146.1 (+3.4 from P0=142.7), waiting retest
09:33:38 INFO TradingThread: CE Phase 2 done — price 146.1 returned near P0=142.7 (buf=8.0), waiting confirmation
09:33:38 INFO TradingThread: CE CONFIRMED ENTRY — engine agrees, price up, vol increasing @146.1
09:33:38 INFO ENTRY #1 CE 24200 @₹146.10 SL=11.0 TGT=33.0 P(win)=0% VIX=MID
09:34:10 INFO SnapFeeder alive snaps=2041
09:34:10 INFO BrainBridge: drain alive, brain pid=22448 alive=True
09:34:14 INFO SOFT TRAIL #1: peak=5.2 -> SL raised to entry-3.5 (max loss=3.5pts)
09:34:15 INFO SOFT TRAIL #1: peak=5.6 -> SL raised to entry-2.9 (max loss=2.9pts)
09:34:15 INFO SOFT TRAIL #1: peak=6.2 -> SL raised to entry-1.7 (max loss=1.7pts)
09:34:16 INFO SOFT TRAIL #1: peak=7.2 -> SL raised to entry-0.0 (max loss=0.0pts)
09:34:18 INFO subscribe_strikes: ATM=24200 added=0 total=50
09:34:30 INFO BREAKEVEN #1: peak=10.7 → SL moved to entry+1.0
09:34:48 INFO EXIT #1 CE +10.1pts (+6.91%) ₹+6913→₹106913 [TRAIL SL] peak=13.3 sl=147.1
09:35:10 INFO SnapFeeder alive snaps=2101
09:35:10 INFO BrainBridge: drain alive, brain pid=22448 alive=True
09:35:18 INFO subscribe_strikes: ATM=24250 added=0 total=50
09:36:11 INFO SnapFeeder alive snaps=2161
09:36:11 INFO BrainBridge: drain alive, brain pid=22448 alive=True
09:36:18 INFO subscribe_strikes: ATM=24250 added=0 total=50
09:37:11 INFO SnapFeeder alive snaps=2221
09:37:11 INFO BrainBridge: drain alive, brain pid=22448 alive=True
09:37:18 INFO subscribe_strikes: ATM=24250 added=0 total=50
09:38:11 INFO SnapFeeder alive snaps=2281
09:38:11 INFO BrainBridge: drain alive, brain pid=22448 alive=True
09:38:18 INFO subscribe_strikes: ATM=24250 added=0 total=50
09:39:11 INFO SnapFeeder alive snaps=2341
09:39:11 INFO BrainBridge: drain alive, brain pid=22448 alive=True
09:39:18 INFO subscribe_strikes: ATM=24250 added=0 total=50
09:40:12 INFO SnapFeeder alive snaps=2401
09:40:12 INFO BrainBridge: drain alive, brain pid=22448 alive=True
09:40:18 INFO subscribe_strikes: ATM=24250 added=0 total=50
09:41:12 INFO SnapFeeder alive snaps=2461
09:41:12 INFO BrainBridge: drain alive, brain pid=22448 alive=True
09:41:18 INFO subscribe_strikes: ATM=24300 added=2 total=52
09:42:12 INFO SnapFeeder alive snaps=2521
09:42:12 INFO BrainBridge: drain alive, brain pid=22448 alive=True
09:42:18 INFO subscribe_strikes: ATM=24300 added=0 total=52
09:43:12 INFO SnapFeeder alive snaps=2581
09:43:12 INFO BrainBridge: drain alive, brain pid=22448 alive=True
09:43:18 INFO subscribe_strikes: ATM=24300 added=0 total=52
09:43:33 INFO TradingThread: FAST ENTRY → retest pending CE @129.2 (first_move=3.0)
09:43:38 INFO TradingThread: SUPPORT BREACHED CE @125.9 (support=126.6) — discarded
09:44:12 INFO SnapFeeder alive snaps=2641
09:44:12 INFO BrainBridge: drain alive, brain pid=22448 alive=True
09:44:18 INFO subscribe_strikes: ATM=24250 added=0 total=52
09:45:12 INFO SnapFeeder alive snaps=2701
09:45:12 INFO BrainBridge: drain alive, brain pid=22448 alive=True
09:45:18 INFO subscribe_strikes: ATM=24300 added=0 total=52
09:45:22 INFO OI refresh: 226 strikes updated
09:45:23 INFO VIX fetch: 17.66
09:46:13 INFO SnapFeeder alive snaps=2761
09:46:13 INFO BrainBridge: drain alive, brain pid=22448 alive=True
09:46:14 INFO TradingThread: FAST ENTRY → retest pending CE @152.8 (first_move=3.0)
09:46:23 INFO subscribe_strikes: ATM=24250 added=0 total=52
09:46:59 INFO TradingThread: SUPPORT BREACHED CE @148.8 (support=149.7) — discarded
09:47:13 INFO SnapFeeder alive snaps=2821
09:47:13 INFO BrainBridge: drain alive, brain pid=22448 alive=True
09:47:23 INFO subscribe_strikes: ATM=24250 added=0 total=52
09:48:13 INFO SnapFeeder alive snaps=2881
09:48:13 INFO BrainBridge: drain alive, brain pid=22448 alive=True
09:48:23 INFO subscribe_strikes: ATM=24300 added=0 total=52
09:49:13 INFO SnapFeeder alive snaps=2941
09:49:13 INFO BrainBridge: drain alive, brain pid=22448 alive=True
09:49:23 INFO subscribe_strikes: ATM=24250 added=0 total=52
09:50:13 INFO SnapFeeder alive snaps=3001
09:50:13 INFO BrainBridge: drain alive, brain pid=22448 alive=True
09:50:23 INFO subscribe_strikes: ATM=24250 added=0 total=52
09:51:14 INFO SnapFeeder alive snaps=3061
09:51:14 INFO BrainBridge: drain alive, brain pid=22448 alive=True
09:51:23 INFO subscribe_strikes: ATM=24250 added=0 total=52
09:52:14 INFO SnapFeeder alive snaps=3121
09:52:14 INFO BrainBridge: drain alive, brain pid=22448 alive=True
09:52:24 INFO subscribe_strikes: ATM=24250 added=0 total=52
09:53:14 INFO SnapFeeder alive snaps=3181
09:53:14 INFO BrainBridge: drain alive, brain pid=22448 alive=True
09:53:24 INFO subscribe_strikes: ATM=24250 added=0 total=52
09:54:15 INFO SnapFeeder alive snaps=3241
09:54:15 INFO BrainBridge: drain alive, brain pid=22448 alive=True
09:54:24 INFO subscribe_strikes: ATM=24250 added=0 total=52
09:55:15 INFO SnapFeeder alive snaps=3301
09:55:15 INFO BrainBridge: drain alive, brain pid=22448 alive=True
09:55:24 INFO subscribe_strikes: ATM=24250 added=0 total=52
09:56:15 INFO SnapFeeder alive snaps=3361
09:56:15 INFO BrainBridge: drain alive, brain pid=22448 alive=True
09:56:24 INFO subscribe_strikes: ATM=24250 added=0 total=52
09:57:16 INFO SnapFeeder alive snaps=3421
09:57:16 INFO BrainBridge: drain alive, brain pid=22448 alive=True
09:57:24 INFO subscribe_strikes: ATM=24250 added=0 total=52
09:58:16 INFO SnapFeeder alive snaps=3481
09:58:16 INFO BrainBridge: drain alive, brain pid=22448 alive=True
09:58:24 INFO subscribe_strikes: ATM=24250 added=0 total=52
09:59:16 INFO SnapFeeder alive snaps=3541
09:59:16 INFO BrainBridge: drain alive, brain pid=22448 alive=True
09:59:24 INFO subscribe_strikes: ATM=24250 added=0 total=52
10:00:16 INFO SnapFeeder alive snaps=3601
10:00:16 INFO BrainBridge: drain alive, brain pid=22448 alive=True
10:00:24 INFO subscribe_strikes: ATM=24250 added=0 total=52
10:00:29 INFO OI refresh: 226 strikes updated
10:00:31 INFO VIX fetch: 17.96
10:01:16 INFO SnapFeeder alive snaps=3661
10:01:16 INFO BrainBridge: drain alive, brain pid=22448 alive=True
10:01:31 INFO subscribe_strikes: ATM=24250 added=0 total=52
10:02:17 INFO SnapFeeder alive snaps=3721
10:02:17 INFO BrainBridge: drain alive, brain pid=22448 alive=True
10:02:29 INFO TradingThread: FAST ENTRY → retest pending PE @107.4 (first_move=3.0)
10:02:31 INFO subscribe_strikes: ATM=24250 added=0 total=52
10:02:50 INFO TradingThread: PE Phase 1 done — high=111.7 (+4.2 from P0=107.4), waiting retest
10:02:50 INFO TradingThread: PE Phase 2 done — price 111.7 returned near P0=107.4 (buf=6.4), waiting confirmation
10:02:50 INFO TradingThread: PE CONFIRMED ENTRY — engine agrees, price up, vol increasing @111.7
10:02:50 INFO ENTRY #2 PE 24250 @₹111.65 SL=11.0 TGT=33.0 P(win)=0% VIX=MID
10:03:06 INFO SOFT TRAIL #2: peak=5.8 -> SL raised to entry-2.3 (max loss=2.3pts)
10:03:13 INFO SOFT TRAIL #2: peak=6.6 -> SL raised to entry-0.8 (max loss=0.8pts)
10:03:13 INFO SOFT TRAIL #2: peak=6.8 -> SL raised to entry-0.3 (max loss=0.3pts)
10:03:14 INFO SOFT TRAIL #2: peak=7.6 -> SL raised to entry-0.0 (max loss=0.0pts)
10:03:17 INFO SnapFeeder alive snaps=3781
10:03:17 INFO BrainBridge: drain alive, brain pid=22448 alive=True
10:03:20 INFO BREAKEVEN #2: peak=10.4 → SL moved to entry+1.0
10:03:28 INFO EXIT #2 PE +6.8pts (+6.05%) ₹+6464→₹113377 [TRAIL SL] peak=10.4 sl=112.7
10:03:31 INFO subscribe_strikes: ATM=24200 added=0 total=52
10:04:17 INFO SnapFeeder alive snaps=3841
10:04:17 INFO BrainBridge: drain alive, brain pid=22448 alive=True
10:04:31 INFO subscribe_strikes: ATM=24200 added=0 total=52
10:05:18 INFO SnapFeeder alive snaps=3901
10:05:18 INFO BrainBridge: drain alive, brain pid=22448 alive=True
10:05:31 INFO subscribe_strikes: ATM=24250 added=0 total=52
10:06:18 INFO SnapFeeder alive snaps=3961
10:06:18 INFO BrainBridge: drain alive, brain pid=22448 alive=True
10:06:31 INFO subscribe_strikes: ATM=24250 added=0 total=52
10:06:45 INFO TradingThread: FAST ENTRY → retest pending PE @112.3 (first_move=3.0)
10:06:58 INFO TradingThread: SUPPORT BREACHED PE @94.4 (support=110.1) — discarded
10:07:18 INFO SnapFeeder alive snaps=4021
10:07:18 INFO BrainBridge: drain alive, brain pid=22448 alive=True
10:07:21 INFO TradingThread: FAST ENTRY → retest pending PE @114.6 (first_move=3.0)
10:07:24 INFO TradingThread: SUPPORT BREACHED PE @94.6 (support=112.3) — discarded
10:07:31 INFO subscribe_strikes: ATM=24250 added=0 total=52
10:08:18 INFO SnapFeeder alive snaps=4081
10:08:18 INFO BrainBridge: drain alive, brain pid=22448 alive=True
10:08:31 INFO subscribe_strikes: ATM=24250 added=0 total=52
10:09:19 INFO SnapFeeder alive snaps=4141
10:09:19 INFO BrainBridge: drain alive, brain pid=22448 alive=True
10:09:31 INFO subscribe_strikes: ATM=24250 added=0 total=52
10:10:19 INFO SnapFeeder alive snaps=4201
10:10:19 INFO BrainBridge: drain alive, brain pid=22448 alive=True
10:10:31 INFO subscribe_strikes: ATM=24250 added=0 total=52
10:11:19 INFO SnapFeeder alive snaps=4261
10:11:19 INFO BrainBridge: drain alive, brain pid=22448 alive=True
10:11:31 INFO subscribe_strikes: ATM=24200 added=0 total=52
10:12:20 INFO SnapFeeder alive snaps=4321
10:12:20 INFO BrainBridge: drain alive, brain pid=22448 alive=True
10:12:31 INFO subscribe_strikes: ATM=24200 added=0 total=52
10:13:20 INFO SnapFeeder alive snaps=4381
10:13:20 INFO BrainBridge: drain alive, brain pid=22448 alive=True
10:13:29 INFO TradingThread: FAST ENTRY → retest pending PE @112.8 (first_move=3.0)
10:13:30 INFO TradingThread: SUPPORT BREACHED PE @109.9 (support=110.5) — discarded
10:13:31 INFO subscribe_strikes: ATM=24200 added=0 total=52
10:14:20 INFO SnapFeeder alive snaps=4441
10:14:20 INFO BrainBridge: drain alive, brain pid=22448 alive=True
10:14:31 INFO subscribe_strikes: ATM=24150 added=0 total=52
10:15:21 INFO SnapFeeder alive snaps=4501
10:15:21 INFO BrainBridge: drain alive, brain pid=22448 alive=True
10:15:31 INFO subscribe_strikes: ATM=24200 added=0 total=52
10:15:42 INFO OI refresh: 226 strikes updated
10:15:47 WARNING VIX fetch failed: Error in get_quotes(): Expecting value: line 1 column 1 (char 0)
10:16:21 INFO SnapFeeder alive snaps=4561
10:16:21 INFO BrainBridge: drain alive, brain pid=22448 alive=True
10:16:38 INFO subscribe_strikes: ATM=24200 added=0 total=52
10:17:22 INFO SnapFeeder alive snaps=4621
10:17:22 INFO BrainBridge: drain alive, brain pid=22448 alive=True
10:17:38 INFO subscribe_strikes: ATM=24150 added=0 total=52
10:18:22 INFO SnapFeeder alive snaps=4681
10:18:22 INFO BrainBridge: drain alive, brain pid=22448 alive=True
10:18:38 INFO subscribe_strikes: ATM=24150 added=0 total=52
10:19:22 INFO SnapFeeder alive snaps=4741
10:19:22 INFO BrainBridge: drain alive, brain pid=22448 alive=True
10:19:38 INFO subscribe_strikes: ATM=24150 added=0 total=52
10:20:05 INFO TradingThread: FAST ENTRY → retest pending PE @103.7 (first_move=3.0)
10:20:18 INFO TradingThread: PE Phase 1 done — high=107.1 (+3.4 from P0=103.7), waiting retest
10:20:18 INFO TradingThread: PE Phase 2 done — price 107.1 returned near P0=103.7 (buf=6.2), waiting confirmation
10:20:18 INFO TradingThread: PE CONFIRMED ENTRY — engine agrees, price up, vol increasing @107.1
10:20:18 INFO ENTRY #3 PE 24150 @₹107.10 SL=11.0 TGT=33.0 P(win)=0% VIX=MID
10:20:23 INFO SnapFeeder alive snaps=4801
10:20:23 INFO BrainBridge: drain alive, brain pid=22448 alive=True
10:20:38 INFO subscribe_strikes: ATM=24150 added=0 total=52
10:21:10 INFO consec_sl[PE]=1 — conviction ramp active
10:21:10 INFO EXIT #3 PE -11.0pts (-10.32%) ₹-11698→₹101679 [SL HIT] peak=0.0 sl=96.1 consec_sl=1
10:21:23 INFO SnapFeeder alive snaps=4861
10:21:23 INFO BrainBridge: drain alive, brain pid=22448 alive=True
10:21:38 INFO subscribe_strikes: ATM=24200 added=0 total=52
10:22:23 INFO SnapFeeder alive snaps=4921
10:22:23 INFO BrainBridge: drain alive, brain pid=22448 alive=True
10:22:38 INFO subscribe_strikes: ATM=24150 added=0 total=52
10:23:23 INFO SnapFeeder alive snaps=4981
10:23:23 INFO BrainBridge: drain alive, brain pid=22448 alive=True
10:23:38 INFO subscribe_strikes: ATM=24150 added=0 total=52
10:24:00 INFO TradingThread: FAST ENTRY → retest pending PE @118.5 (first_move=3.0)
10:24:09 INFO TradingThread: SUPPORT BREACHED PE @115.6 (support=116.1) — discarded
10:24:23 INFO SnapFeeder alive snaps=5041
10:24:23 INFO BrainBridge: drain alive, brain pid=22448 alive=True
10:24:38 INFO subscribe_strikes: ATM=24150 added=0 total=52
10:25:24 INFO SnapFeeder alive snaps=5101
10:25:24 INFO BrainBridge: drain alive, brain pid=22448 alive=True
10:25:38 INFO subscribe_strikes: ATM=24150 added=0 total=52
10:26:24 INFO SnapFeeder alive snaps=5161
10:26:24 INFO BrainBridge: drain alive, brain pid=22448 alive=True
10:26:38 INFO subscribe_strikes: ATM=24150 added=0 total=52
10:27:24 INFO SnapFeeder alive snaps=5221
10:27:24 INFO BrainBridge: drain alive, brain pid=22448 alive=True
10:27:38 INFO subscribe_strikes: ATM=24150 added=0 total=52
10:28:24 INFO SnapFeeder alive snaps=5281
10:28:24 INFO BrainBridge: drain alive, brain pid=22448 alive=True
10:28:38 INFO subscribe_strikes: ATM=24150 added=0 total=52
10:29:24 INFO SnapFeeder alive snaps=5341
10:29:24 INFO BrainBridge: drain alive, brain pid=22448 alive=True
10:29:38 INFO subscribe_strikes: ATM=24200 added=0 total=52
10:30:24 INFO SnapFeeder alive snaps=5401
10:30:24 INFO BrainBridge: drain alive, brain pid=22448 alive=True
10:30:38 INFO subscribe_strikes: ATM=24200 added=0 total=52
10:30:41 INFO OI refresh: 226 strikes updated
10:30:42 INFO VIX fetch: 18.08
10:31:24 INFO SnapFeeder alive snaps=5461
10:31:24 INFO BrainBridge: drain alive, brain pid=22448 alive=True
10:31:42 INFO subscribe_strikes: ATM=24200 added=0 total=52
10:32:24 INFO SnapFeeder alive snaps=5521
10:32:24 INFO BrainBridge: drain alive, brain pid=22448 alive=True
10:32:31 INFO TradingThread: FAST ENTRY → retest pending PE @97.0 (first_move=3.0)
10:32:42 INFO subscribe_strikes: ATM=24200 added=0 total=52
10:33:02 INFO TradingThread: PE Phase 1 done — high=100.8 (+3.8 from P0=97.0), waiting retest
10:33:02 INFO TradingThread: PE Phase 2 done — price 100.8 returned near P0=97.0 (buf=5.8), waiting confirmation
10:33:02 INFO TradingThread: PE CONFIRMED ENTRY — engine agrees, price up, vol increasing @100.8
10:33:02 INFO ENTRY #4 PE 24200 @₹100.85 SL=11.0 TGT=33.0 P(win)=0% VIX=MID
10:33:15 INFO BREAKEVEN #4: peak=12.2 → SL moved to entry+1.0
10:33:20 INFO EXIT #4 PE +12.7pts (+12.54%) ₹+12754→₹114433 [TRAIL SL] peak=16.4 sl=101.8
10:33:24 INFO SnapFeeder alive snaps=5581
10:33:24 INFO BrainBridge: drain alive, brain pid=22448 alive=True
10:33:30 INFO TradingThread: Signal Persisted (2/5 window). PENDING impulse confirm PE @118.7
10:33:33 INFO TradingThread: SUPPORT BREACHED PE @116.2 (support=116.3) — discarded
10:33:34 INFO TradingThread: Signal Persisted (2/5 window). PENDING impulse confirm PE @118.0
10:33:37 INFO TradingThread: PE Phase 1 done — high=121.1 (+3.1 from P0=118.0), waiting retest
10:33:37 INFO TradingThread: PE Phase 2 done — price 121.1 returned near P0=118.0 (buf=7.1), waiting confirmation
10:33:37 INFO TradingThread: PE CONFIRMED ENTRY — engine agrees, price up, vol increasing @121.1
10:33:37 INFO ENTRY #5 PE 24200 @₹121.10 SL=11.0 TGT=33.0 P(win)=37% VIX=MID
10:33:42 INFO subscribe_strikes: ATM=24150 added=0 total=52
10:34:25 INFO SnapFeeder alive snaps=5641
10:34:25 INFO BrainBridge: drain alive, brain pid=22448 alive=True
10:34:41 INFO consec_sl[PE]=1 — conviction ramp active
10:34:41 INFO EXIT #5 PE -11.5pts (-9.54%) ₹-10914→₹103519 [SL HIT] peak=2.5 sl=110.1 consec_sl=1
10:34:42 INFO subscribe_strikes: ATM=24200 added=0 total=52
10:35:25 INFO SnapFeeder alive snaps=5701
10:35:25 INFO BrainBridge: drain alive, brain pid=22448 alive=True
10:35:42 INFO subscribe_strikes: ATM=24200 added=0 total=52
10:36:25 INFO SnapFeeder alive snaps=5761
10:36:25 INFO BrainBridge: drain alive, brain pid=22448 alive=True
10:36:42 INFO subscribe_strikes: ATM=24200 added=0 total=52
10:37:25 INFO SnapFeeder alive snaps=5821
10:37:25 INFO BrainBridge: drain alive, brain pid=22448 alive=True
10:37:42 INFO subscribe_strikes: ATM=24200 added=0 total=52
10:38:25 INFO SnapFeeder alive snaps=5881
10:38:25 INFO BrainBridge: drain alive, brain pid=22448 alive=True
10:38:42 INFO subscribe_strikes: ATM=24200 added=0 total=52
10:39:25 INFO SnapFeeder alive snaps=5941
10:39:25 INFO BrainBridge: drain alive, brain pid=22448 alive=True
10:39:42 INFO subscribe_strikes: ATM=24200 added=0 total=52
10:40:25 INFO SnapFeeder alive snaps=6001
10:40:25 INFO BrainBridge: drain alive, brain pid=22448 alive=True
10:40:42 INFO subscribe_strikes: ATM=24200 added=0 total=52
10:41:25 INFO SnapFeeder alive snaps=6061
10:41:25 INFO BrainBridge: drain alive, brain pid=22448 alive=True
10:41:42 INFO subscribe_strikes: ATM=24200 added=0 total=52
10:42:25 INFO SnapFeeder alive snaps=6121
10:42:25 INFO BrainBridge: drain alive, brain pid=22448 alive=True
10:42:42 INFO subscribe_strikes: ATM=24200 added=0 total=52
10:43:26 INFO SnapFeeder alive snaps=6181
10:43:26 INFO BrainBridge: drain alive, brain pid=22448 alive=True
10:43:42 INFO subscribe_strikes: ATM=24200 added=0 total=52
10:44:26 INFO SnapFeeder alive snaps=6241
10:44:26 INFO BrainBridge: drain alive, brain pid=22448 alive=True
10:44:42 INFO subscribe_strikes: ATM=24200 added=0 total=52
10:45:26 INFO SnapFeeder alive snaps=6301
10:45:26 INFO BrainBridge: drain alive, brain pid=22448 alive=True
10:45:42 INFO subscribe_strikes: ATM=24200 added=0 total=52
10:45:46 INFO OI refresh: 226 strikes updated
10:45:48 INFO VIX fetch: 18.12
10:46:26 INFO SnapFeeder alive snaps=6361
10:46:26 INFO BrainBridge: drain alive, brain pid=22448 alive=True
10:46:48 INFO subscribe_strikes: ATM=24200 added=0 total=52
10:47:26 INFO SnapFeeder alive snaps=6421
10:47:26 INFO BrainBridge: drain alive, brain pid=22448 alive=True
10:47:48 INFO subscribe_strikes: ATM=24200 added=0 total=52
10:48:26 INFO SnapFeeder alive snaps=6481
10:48:26 INFO BrainBridge: drain alive, brain pid=22448 alive=True
10:48:48 INFO subscribe_strikes: ATM=24200 added=0 total=52
10:49:27 INFO SnapFeeder alive snaps=6541
10:49:27 INFO BrainBridge: drain alive, brain pid=22448 alive=True
10:49:48 INFO subscribe_strikes: ATM=24250 added=0 total=52
10:50:27 INFO SnapFeeder alive snaps=6601
10:50:27 INFO BrainBridge: drain alive, brain pid=22448 alive=True
10:50:48 INFO subscribe_strikes: ATM=24250 added=0 total=52
10:51:27 INFO SnapFeeder alive snaps=6661
10:51:27 INFO BrainBridge: drain alive, brain pid=22448 alive=True
10:51:48 INFO subscribe_strikes: ATM=24250 added=0 total=52
10:52:27 INFO SnapFeeder alive snaps=6721
10:52:27 INFO BrainBridge: drain alive, brain pid=22448 alive=True
10:52:48 INFO subscribe_strikes: ATM=24200 added=0 total=52
10:53:27 INFO SnapFeeder alive snaps=6781
10:53:27 INFO BrainBridge: drain alive, brain pid=22448 alive=True
10:53:48 INFO subscribe_strikes: ATM=24250 added=0 total=52
10:54:27 INFO SnapFeeder alive snaps=6841
10:54:27 INFO BrainBridge: drain alive, brain pid=22448 alive=True
10:54:48 INFO subscribe_strikes: ATM=24200 added=0 total=52
10:55:28 INFO SnapFeeder alive snaps=6901
10:55:28 INFO BrainBridge: drain alive, brain pid=22448 alive=True
10:55:46 INFO TradingThread: FAST ENTRY → retest pending PE @97.8 (first_move=3.0)
10:55:48 INFO subscribe_strikes: ATM=24200 added=0 total=52
10:55:55 INFO TradingThread: PE Phase 1 done — high=100.8 (+3.0 from P0=97.8), waiting retest
10:55:55 INFO TradingThread: PE Phase 2 done — price 100.8 returned near P0=97.8 (buf=5.9), waiting confirmation
10:55:55 INFO TradingThread: PE CONFIRMED ENTRY — engine agrees, price up, vol increasing @100.8
10:55:55 INFO ENTRY #6 PE 24200 @₹100.80 SL=11.0 TGT=33.0 P(win)=0% VIX=MID
10:56:19 INFO SOFT TRAIL #6: peak=4.0 -> SL raised to entry-6.0 (max loss=6.0pts)
10:56:20 INFO SOFT TRAIL #6: peak=4.5 -> SL raised to entry-4.9 (max loss=4.9pts)
10:56:20 INFO SOFT TRAIL #6: peak=5.2 -> SL raised to entry-3.7 (max loss=3.7pts)
10:56:28 INFO SnapFeeder alive snaps=6961
10:56:28 INFO BrainBridge: drain alive, brain pid=22448 alive=True
10:56:48 INFO subscribe_strikes: ATM=24200 added=0 total=52
10:57:28 INFO SnapFeeder alive snaps=7021
10:57:28 INFO BrainBridge: drain alive, brain pid=22448 alive=True
10:57:48 INFO subscribe_strikes: ATM=24200 added=0 total=52
10:57:50 INFO SOFT TRAIL #6: peak=6.0 -> SL raised to entry-2.1 (max loss=2.1pts)
10:57:55 INFO SOFT TRAIL #6: peak=6.6 -> SL raised to entry-0.8 (max loss=0.8pts)
10:58:20 INFO BREAKEVEN #6: peak=11.5 → SL moved to entry+1.0
10:58:25 INFO EXIT #6 PE +7.9pts (+7.84%) ₹+8113→₹111632 [TRAIL SL] peak=11.5 sl=101.8
10:58:28 INFO SnapFeeder alive snaps=7081
10:58:28 INFO BrainBridge: drain alive, brain pid=22448 alive=True
10:58:48 INFO subscribe_strikes: ATM=24200 added=0 total=52
10:59:29 INFO SnapFeeder alive snaps=7141
10:59:29 INFO BrainBridge: drain alive, brain pid=22448 alive=True
10:59:48 INFO subscribe_strikes: ATM=24200 added=0 total=52
11:00:29 INFO SnapFeeder alive snaps=7201
11:00:29 INFO BrainBridge: drain alive, brain pid=22448 alive=True
11:00:48 INFO subscribe_strikes: ATM=24200 added=0 total=52
11:00:57 INFO OI refresh: 226 strikes updated
11:01:03 INFO VIX fetch: 18.13
11:01:29 INFO SnapFeeder alive snaps=7261
11:01:29 INFO BrainBridge: drain alive, brain pid=22448 alive=True
11:01:53 INFO subscribe_strikes: ATM=24200 added=0 total=52
11:02:30 INFO SnapFeeder alive snaps=7321
11:02:30 INFO BrainBridge: drain alive, brain pid=22448 alive=True
11:02:53 INFO subscribe_strikes: ATM=24200 added=0 total=52
11:03:30 INFO SnapFeeder alive snaps=7381
11:03:30 INFO BrainBridge: drain alive, brain pid=22448 alive=True
11:03:53 INFO subscribe_strikes: ATM=24200 added=0 total=52
11:04:30 INFO SnapFeeder alive snaps=7441
11:04:30 INFO BrainBridge: drain alive, brain pid=22448 alive=True
11:04:53 INFO subscribe_strikes: ATM=24200 added=0 total=52
11:05:31 INFO SnapFeeder alive snaps=7501
11:05:31 INFO BrainBridge: drain alive, brain pid=22448 alive=True
11:05:53 INFO subscribe_strikes: ATM=24200 added=0 total=52
11:06:31 INFO SnapFeeder alive snaps=7561
11:06:31 INFO BrainBridge: drain alive, brain pid=22448 alive=True
11:06:53 INFO subscribe_strikes: ATM=24200 added=0 total=52
11:07:31 INFO SnapFeeder alive snaps=7621
11:07:31 INFO BrainBridge: drain alive, brain pid=22448 alive=True
11:07:53 INFO subscribe_strikes: ATM=24200 added=0 total=52
11:08:31 INFO SnapFeeder alive snaps=7681
11:08:31 INFO BrainBridge: drain alive, brain pid=22448 alive=True
11:08:53 INFO subscribe_strikes: ATM=24200 added=0 total=52
11:09:32 INFO SnapFeeder alive snaps=7741
11:09:32 INFO BrainBridge: drain alive, brain pid=22448 alive=True
11:09:53 INFO subscribe_strikes: ATM=24200 added=0 total=52
11:10:32 INFO SnapFeeder alive snaps=7801
11:10:32 INFO BrainBridge: drain alive, brain pid=22448 alive=True
11:10:53 INFO subscribe_strikes: ATM=24200 added=0 total=52
11:11:32 INFO SnapFeeder alive snaps=7861
11:11:32 INFO BrainBridge: drain alive, brain pid=22448 alive=True
11:11:53 INFO subscribe_strikes: ATM=24200 added=0 total=52
11:12:32 INFO SnapFeeder alive snaps=7921
11:12:32 INFO BrainBridge: drain alive, brain pid=22448 alive=True
11:12:53 INFO subscribe_strikes: ATM=24200 added=0 total=52
11:13:33 INFO SnapFeeder alive snaps=7981
11:13:33 INFO BrainBridge: drain alive, brain pid=22448 alive=True
11:13:53 INFO subscribe_strikes: ATM=24200 added=0 total=52
11:14:33 INFO SnapFeeder alive snaps=8041
11:14:33 INFO BrainBridge: drain alive, brain pid=22448 alive=True
11:14:53 INFO subscribe_strikes: ATM=24250 added=0 total=52
11:15:33 INFO SnapFeeder alive snaps=8101
11:15:33 INFO BrainBridge: drain alive, brain pid=22448 alive=True
11:15:53 INFO subscribe_strikes: ATM=24250 added=0 total=52
11:16:00 INFO OI refresh: 226 strikes updated
11:16:02 INFO VIX fetch: 17.97
11:16:33 INFO SnapFeeder alive snaps=8161
11:16:33 INFO BrainBridge: drain alive, brain pid=22448 alive=True
11:17:02 INFO subscribe_strikes: ATM=24250 added=0 total=52
11:17:33 INFO SnapFeeder alive snaps=8221
11:17:33 INFO BrainBridge: drain alive, brain pid=22448 alive=True
11:18:02 INFO subscribe_strikes: ATM=24250 added=0 total=52
11:18:33 INFO SnapFeeder alive snaps=8281
11:18:33 INFO BrainBridge: drain alive, brain pid=22448 alive=True
11:19:02 INFO subscribe_strikes: ATM=24250 added=0 total=52
11:19:34 INFO SnapFeeder alive snaps=8341
11:19:34 INFO BrainBridge: drain alive, brain pid=22448 alive=True
11:20:02 INFO subscribe_strikes: ATM=24250 added=0 total=52
11:20:34 INFO SnapFeeder alive snaps=8401
11:20:34 INFO BrainBridge: drain alive, brain pid=22448 alive=True
11:21:02 INFO subscribe_strikes: ATM=24250 added=0 total=52
11:21:34 INFO SnapFeeder alive snaps=8461
11:21:34 INFO BrainBridge: drain alive, brain pid=22448 alive=True
11:22:02 INFO subscribe_strikes: ATM=24250 added=0 total=52
11:22:34 INFO SnapFeeder alive snaps=8521
11:22:34 INFO BrainBridge: drain alive, brain pid=22448 alive=True
11:23:02 INFO subscribe_strikes: ATM=24250 added=0 total=52
11:23:35 INFO SnapFeeder alive snaps=8581
11:23:35 INFO BrainBridge: drain alive, brain pid=22448 alive=True
11:24:02 INFO subscribe_strikes: ATM=24250 added=0 total=52
11:24:35 INFO SnapFeeder alive snaps=8641
11:24:35 INFO BrainBridge: drain alive, brain pid=22448 alive=True
11:25:02 INFO subscribe_strikes: ATM=24250 added=0 total=52
11:25:36 INFO SnapFeeder alive snaps=8701
11:25:36 INFO BrainBridge: drain alive, brain pid=22448 alive=True
11:26:02 INFO subscribe_strikes: ATM=24250 added=0 total=52
11:26:36 INFO SnapFeeder alive snaps=8761
11:26:36 INFO BrainBridge: drain alive, brain pid=22448 alive=True
11:27:02 INFO subscribe_strikes: ATM=24250 added=0 total=52
11:27:36 INFO SnapFeeder alive snaps=8821
11:27:36 INFO BrainBridge: drain alive, brain pid=22448 alive=True
11:28:02 INFO subscribe_strikes: ATM=24250 added=0 total=52
11:28:36 INFO SnapFeeder alive snaps=8881
11:28:36 INFO BrainBridge: drain alive, brain pid=22448 alive=True
11:29:02 INFO subscribe_strikes: ATM=24250 added=0 total=52
11:29:37 INFO SnapFeeder alive snaps=8941
11:29:37 INFO BrainBridge: drain alive, brain pid=22448 alive=True
11:30:02 INFO subscribe_strikes: ATM=24250 added=0 total=52
11:30:37 INFO SnapFeeder alive snaps=9001
11:30:37 INFO BrainBridge: drain alive, brain pid=22448 alive=True
11:31:02 INFO subscribe_strikes: ATM=24250 added=0 total=52
11:31:07 INFO OI refresh: 226 strikes updated
11:31:08 INFO VIX fetch: 17.92
11:31:37 INFO SnapFeeder alive snaps=9061
11:31:37 INFO BrainBridge: drain alive, brain pid=22448 alive=True
11:32:00 INFO TradingThread: FAST ENTRY → retest pending CE @124.9 (first_move=3.0)
11:32:08 INFO subscribe_strikes: ATM=24250 added=0 total=52
11:32:37 INFO SnapFeeder alive snaps=9121
11:32:37 INFO BrainBridge: drain alive, brain pid=22448 alive=True
11:32:39 INFO TradingThread: CE Phase 1 done — high=128.0 (+3.1 from P0=124.9), waiting retest
11:32:39 INFO TradingThread: CE Phase 2 done — price 128.0 returned near P0=124.9 (buf=7.5), waiting confirmation
11:32:39 INFO TradingThread: CE CONFIRMED ENTRY — engine agrees, price up, vol increasing @128.0
11:32:39 INFO ReEntry gate [DIR_FLIP]: 0×SL — need 68% conv got 67%
11:33:09 INFO subscribe_strikes: ATM=24250 added=0 total=52
11:33:37 INFO SnapFeeder alive snaps=9181
11:33:37 INFO BrainBridge: drain alive, brain pid=22448 alive=True
11:34:09 INFO subscribe_strikes: ATM=24250 added=0 total=52
11:34:38 INFO SnapFeeder alive snaps=9241
11:34:38 INFO BrainBridge: drain alive, brain pid=22448 alive=True
11:35:09 INFO subscribe_strikes: ATM=24250 added=0 total=52
11:35:38 INFO SnapFeeder alive snaps=9301
11:35:38 INFO BrainBridge: drain alive, brain pid=22448 alive=True
11:36:09 INFO subscribe_strikes: ATM=24250 added=0 total=52
11:36:38 INFO SnapFeeder alive snaps=9361
11:36:38 INFO BrainBridge: drain alive, brain pid=22448 alive=True
11:36:47 INFO TradingThread: FAST ENTRY → retest pending CE @150.0 (first_move=3.0)
11:36:52 INFO TradingThread: SUPPORT BREACHED CE @120.7 (support=147.0) — discarded
11:37:09 INFO subscribe_strikes: ATM=24250 added=0 total=52
11:37:38 INFO SnapFeeder alive snaps=9421
11:37:38 INFO BrainBridge: drain alive, brain pid=22448 alive=True
11:38:09 INFO subscribe_strikes: ATM=24200 added=0 total=52
11:38:14 INFO TradingThread: FAST ENTRY → retest pending CE @146.0 (first_move=3.0)
11:38:39 INFO SnapFeeder alive snaps=9481
11:38:39 INFO BrainBridge: drain alive, brain pid=22448 alive=True
11:38:41 INFO TradingThread: CE Phase 1 done — high=149.2 (+3.2 from P0=146.0), waiting retest
11:38:41 INFO TradingThread: CE Phase 2 done — price 149.2 returned near P0=146.0 (buf=8.0), waiting confirmation
11:38:41 INFO TradingThread: CE CONFIRMED ENTRY — engine agrees, price up, vol increasing @149.2
11:38:41 INFO ENTRY #7 CE 24200 @₹149.55 SL=11.0 TGT=33.0 P(win)=0% VIX=MID
11:38:58 INFO SOFT TRAIL #7: peak=4.3 -> SL raised to entry-5.3 (max loss=5.3pts)
11:38:59 INFO SOFT TRAIL #7: peak=5.0 -> SL raised to entry-4.0 (max loss=4.0pts)
11:39:03 INFO SOFT TRAIL #7: peak=5.2 -> SL raised to entry-3.6 (max loss=3.6pts)
11:39:04 INFO SOFT TRAIL #7: peak=6.0 -> SL raised to entry-1.9 (max loss=1.9pts)
11:39:05 INFO SOFT TRAIL #7: peak=6.4 -> SL raised to entry-1.1 (max loss=1.1pts)
11:39:09 INFO subscribe_strikes: ATM=24250 added=0 total=52
11:39:27 INFO BREAKEVEN #7: peak=10.0 → SL moved to entry+1.0
11:39:39 INFO SnapFeeder alive snaps=9541
11:39:39 INFO BrainBridge: drain alive, brain pid=22448 alive=True
11:39:41 INFO EXIT #7 CE +6.4pts (+4.31%) ₹+4815→₹116447 [TRAIL SL] peak=10.3 sl=150.6
11:40:09 INFO subscribe_strikes: ATM=24250 added=0 total=52
11:40:40 INFO SnapFeeder alive snaps=9601
11:40:40 INFO BrainBridge: drain alive, brain pid=22448 alive=True
11:41:09 INFO subscribe_strikes: ATM=24250 added=0 total=52
11:41:40 INFO SnapFeeder alive snaps=9661
11:41:40 INFO BrainBridge: drain alive, brain pid=22448 alive=True
11:42:09 INFO subscribe_strikes: ATM=24250 added=0 total=52
11:42:40 INFO SnapFeeder alive snaps=9721
11:42:40 INFO BrainBridge: drain alive, brain pid=22448 alive=True
11:43:09 INFO subscribe_strikes: ATM=24250 added=0 total=52
11:43:41 INFO SnapFeeder alive snaps=9781
11:43:41 INFO BrainBridge: drain alive, brain pid=22448 alive=True
11:44:09 INFO subscribe_strikes: ATM=24250 added=0 total=52
11:44:41 INFO SnapFeeder alive snaps=9841
11:44:41 INFO BrainBridge: drain alive, brain pid=22448 alive=True
11:45:09 INFO subscribe_strikes: ATM=24250 added=0 total=52
11:45:41 INFO SnapFeeder alive snaps=9901
11:45:41 INFO BrainBridge: drain alive, brain pid=22448 alive=True
11:46:09 INFO subscribe_strikes: ATM=24250 added=0 total=52
11:46:30 INFO OI refresh: 226 strikes updated
11:46:33 INFO VIX fetch: 17.90
11:46:42 INFO SnapFeeder alive snaps=9961
11:46:42 INFO BrainBridge: drain alive, brain pid=22448 alive=True
11:47:13 INFO subscribe_strikes: ATM=24250 added=0 total=52
11:47:42 INFO SnapFeeder alive snaps=10021
11:47:42 INFO BrainBridge: drain alive, brain pid=22448 alive=True
11:48:13 INFO subscribe_strikes: ATM=24250 added=0 total=52
11:48:42 INFO SnapFeeder alive snaps=10081
11:48:42 INFO BrainBridge: drain alive, brain pid=22448 alive=True
11:49:13 INFO subscribe_strikes: ATM=24250 added=0 total=52
11:49:43 INFO SnapFeeder alive snaps=10141
11:49:43 INFO BrainBridge: drain alive, brain pid=22448 alive=True
11:50:13 INFO subscribe_strikes: ATM=24250 added=0 total=52
11:50:43 INFO SnapFeeder alive snaps=10201
11:50:43 INFO BrainBridge: drain alive, brain pid=22448 alive=True
11:51:13 INFO subscribe_strikes: ATM=24250 added=0 total=52
11:51:43 INFO SnapFeeder alive snaps=10261
11:51:43 INFO BrainBridge: drain alive, brain pid=22448 alive=True
11:52:13 INFO subscribe_strikes: ATM=24250 added=0 total=52
11:52:44 INFO SnapFeeder alive snaps=10321
11:52:44 INFO BrainBridge: drain alive, brain pid=22448 alive=True
11:53:13 INFO subscribe_strikes: ATM=24250 added=0 total=52
11:53:44 INFO SnapFeeder alive snaps=10381
11:53:44 INFO BrainBridge: drain alive, brain pid=22448 alive=True
11:54:13 INFO subscribe_strikes: ATM=24200 added=0 total=52
11:54:44 INFO SnapFeeder alive snaps=10441
11:54:44 INFO BrainBridge: drain alive, brain pid=22448 alive=True
11:55:13 INFO subscribe_strikes: ATM=24200 added=0 total=52
11:55:44 INFO SnapFeeder alive snaps=10501
11:55:44 INFO BrainBridge: drain alive, brain pid=22448 alive=True
11:56:13 INFO subscribe_strikes: ATM=24200 added=0 total=52
11:56:44 INFO SnapFeeder alive snaps=10561
11:56:44 INFO BrainBridge: drain alive, brain pid=22448 alive=True
11:57:13 INFO subscribe_strikes: ATM=24200 added=0 total=52
11:57:45 INFO SnapFeeder alive snaps=10621
11:57:45 INFO BrainBridge: drain alive, brain pid=22448 alive=True
11:58:13 INFO subscribe_strikes: ATM=24200 added=0 total=52
11:58:45 INFO SnapFeeder alive snaps=10681
11:58:45 INFO BrainBridge: drain alive, brain pid=22448 alive=True
11:59:13 INFO subscribe_strikes: ATM=24200 added=0 total=52
11:59:46 INFO SnapFeeder alive snaps=10741
11:59:46 INFO BrainBridge: drain alive, brain pid=22448 alive=True
12:00:13 INFO subscribe_strikes: ATM=24200 added=0 total=52
12:00:46 INFO SnapFeeder alive snaps=10801
12:00:46 INFO BrainBridge: drain alive, brain pid=22448 alive=True
12:01:13 INFO subscribe_strikes: ATM=24200 added=0 total=52
12:01:33 INFO OI refresh: 226 strikes updated
12:01:37 INFO VIX fetch: 17.92
12:01:47 INFO SnapFeeder alive snaps=10861
12:01:47 INFO BrainBridge: drain alive, brain pid=22448 alive=True
12:02:17 INFO subscribe_strikes: ATM=24200 added=0 total=52
12:02:47 INFO SnapFeeder alive snaps=10921
12:02:47 INFO BrainBridge: drain alive, brain pid=22448 alive=True
12:03:17 INFO subscribe_strikes: ATM=24200 added=0 total=52
12:03:47 INFO SnapFeeder alive snaps=10981
12:03:48 INFO BrainBridge: drain alive, brain pid=22448 alive=True
12:04:17 INFO subscribe_strikes: ATM=24200 added=0 total=52
12:04:48 INFO SnapFeeder alive snaps=11041
12:04:48 INFO BrainBridge: drain alive, brain pid=22448 alive=True
12:05:17 INFO subscribe_strikes: ATM=24200 added=0 total=52
12:05:48 INFO SnapFeeder alive snaps=11101
12:05:48 INFO BrainBridge: drain alive, brain pid=22448 alive=True
12:06:17 INFO subscribe_strikes: ATM=24200 added=0 total=52
12:06:49 INFO SnapFeeder alive snaps=11161
12:06:49 INFO BrainBridge: drain alive, brain pid=22448 alive=True
12:07:17 INFO subscribe_strikes: ATM=24200 added=0 total=52
12:07:49 INFO SnapFeeder alive snaps=11221
12:07:49 INFO BrainBridge: drain alive, brain pid=22448 alive=True
12:08:17 INFO subscribe_strikes: ATM=24200 added=0 total=52
12:08:50 INFO SnapFeeder alive snaps=11281
12:08:50 INFO BrainBridge: drain alive, brain pid=22448 alive=True
12:09:17 INFO subscribe_strikes: ATM=24200 added=0 total=52
12:09:50 INFO SnapFeeder alive snaps=11341
12:09:50 INFO BrainBridge: drain alive, brain pid=22448 alive=True
12:10:09 INFO TradingThread: FAST ENTRY → retest pending PE @107.8 (first_move=3.0)
12:10:17 INFO subscribe_strikes: ATM=24200 added=0 total=52
12:10:28 INFO TradingThread: PE Phase 1 done — high=112.2 (+4.4 from P0=107.8), waiting retest
12:10:28 INFO TradingThread: PE Phase 2 done — price 112.2 returned near P0=107.8 (buf=6.5), waiting confirmation
12:10:29 INFO TradingThread: PE CONFIRMED ENTRY — engine agrees, price up, vol increasing @112.2
12:10:29 INFO ReEntry gate [DIR_FLIP]: 0×SL — need 68% conv got 63%
12:10:50 INFO TradingThread: FAST ENTRY → retest pending PE @115.7 (first_move=3.0)
12:10:51 INFO SnapFeeder alive snaps=11401
12:10:51 INFO BrainBridge: drain alive, brain pid=22448 alive=True
12:10:51 INFO TradingThread: SUPPORT BREACHED PE @94.0 (support=113.3) — discarded
12:11:17 INFO subscribe_strikes: ATM=24150 added=0 total=52
12:11:51 INFO SnapFeeder alive snaps=11461
12:11:51 INFO BrainBridge: drain alive, brain pid=22448 alive=True
12:12:17 INFO subscribe_strikes: ATM=24150 added=0 total=52
12:12:51 INFO SnapFeeder alive snaps=11521
12:12:52 INFO BrainBridge: drain alive, brain pid=22448 alive=True
12:13:18 INFO subscribe_strikes: ATM=24150 added=0 total=52
12:13:52 INFO SnapFeeder alive snaps=11581
12:13:52 INFO BrainBridge: drain alive, brain pid=22448 alive=True
12:14:18 INFO subscribe_strikes: ATM=24100 added=0 total=52
12:14:52 INFO SnapFeeder alive snaps=11641
12:14:52 INFO BrainBridge: drain alive, brain pid=22448 alive=True
12:15:18 INFO subscribe_strikes: ATM=24100 added=0 total=52
12:15:49 INFO TradingThread: Signal Persisted (2/5 window). PENDING impulse confirm PE @105.6
12:15:52 INFO SnapFeeder alive snaps=11701
12:15:52 INFO BrainBridge: drain alive, brain pid=22448 alive=True
12:15:59 INFO TradingThread: SUPPORT BREACHED PE @101.7 (support=103.5) — discarded
12:16:18 INFO subscribe_strikes: ATM=24100 added=0 total=52
12:16:25 INFO OI refresh: 226 strikes updated
12:16:27 INFO VIX fetch: 18.45
12:16:53 INFO SnapFeeder alive snaps=11761
12:16:53 INFO BrainBridge: drain alive, brain pid=22448 alive=True
12:17:27 INFO subscribe_strikes: ATM=24100 added=0 total=52
12:17:53 INFO SnapFeeder alive snaps=11821
12:17:53 INFO BrainBridge: drain alive, brain pid=22448 alive=True
12:18:27 INFO subscribe_strikes: ATM=24100 added=0 total=52
12:18:53 INFO SnapFeeder alive snaps=11881
12:18:53 INFO BrainBridge: drain alive, brain pid=22448 alive=True
12:19:27 INFO subscribe_strikes: ATM=24150 added=0 total=52
12:19:53 INFO SnapFeeder alive snaps=11941
12:19:53 INFO BrainBridge: drain alive, brain pid=22448 alive=True
12:20:27 INFO subscribe_strikes: ATM=24150 added=0 total=52
12:20:54 INFO SnapFeeder alive snaps=12001
12:20:54 INFO BrainBridge: drain alive, brain pid=22448 alive=True
12:21:27 INFO subscribe_strikes: ATM=24150 added=0 total=52
12:21:54 INFO SnapFeeder alive snaps=12061
12:21:54 INFO BrainBridge: drain alive, brain pid=22448 alive=True
12:22:27 INFO subscribe_strikes: ATM=24100 added=0 total=52
12:22:54 INFO SnapFeeder alive snaps=12121
12:22:54 INFO BrainBridge: drain alive, brain pid=22448 alive=True
12:23:27 INFO subscribe_strikes: ATM=24150 added=0 total=52
12:23:54 INFO SnapFeeder alive snaps=12181
12:23:54 INFO BrainBridge: drain alive, brain pid=22448 alive=True
12:24:27 INFO subscribe_strikes: ATM=24150 added=0 total=52
12:24:55 INFO SnapFeeder alive snaps=12241
12:24:55 INFO BrainBridge: drain alive, brain pid=22448 alive=True
12:24:58 INFO TradingThread: Signal Persisted (2/5 window). PENDING impulse confirm PE @112.8
12:25:07 INFO TradingThread: PE Phase 1 done — high=116.2 (+3.4 from P0=112.8), waiting retest
12:25:07 INFO TradingThread: PE Phase 2 done — price 116.2 returned near P0=112.8 (buf=6.8), waiting confirmation
12:25:07 INFO TradingThread: PE CONFIRMED ENTRY — engine agrees, price up, vol increasing @116.2
12:25:07 INFO ReEntry gate [DIR_FLIP]: 0×SL — need 68% conv got 67%
12:25:27 INFO subscribe_strikes: ATM=24150 added=0 total=52
12:25:55 INFO SnapFeeder alive snaps=12301
12:25:55 INFO BrainBridge: drain alive, brain pid=22448 alive=True
12:26:27 INFO subscribe_strikes: ATM=24150 added=0 total=52
12:26:55 INFO SnapFeeder alive snaps=12361
12:26:55 INFO BrainBridge: drain alive, brain pid=22448 alive=True
12:27:27 INFO subscribe_strikes: ATM=24150 added=0 total=52
12:27:50 INFO TradingThread: Signal Persisted (2/5 window). PENDING impulse confirm PE @117.5
12:27:55 INFO SnapFeeder alive snaps=12421
12:27:55 INFO BrainBridge: drain alive, brain pid=22448 alive=True
12:28:27 INFO subscribe_strikes: ATM=24150 added=0 total=52
12:28:35 INFO TradingThread: SUPPORT BREACHED PE @115.0 (support=115.1) — discarded
12:28:56 INFO SnapFeeder alive snaps=12481
12:28:56 INFO BrainBridge: drain alive, brain pid=22448 alive=True
12:29:27 INFO subscribe_strikes: ATM=24150 added=0 total=52
12:29:56 INFO SnapFeeder alive snaps=12541
12:29:56 INFO BrainBridge: drain alive, brain pid=22448 alive=True
12:30:07 INFO TradingThread: FAST ENTRY → retest pending PE @121.2 (first_move=3.0)
12:30:10 INFO TradingThread: SUPPORT BREACHED PE @99.0 (support=118.7) — discarded
12:30:27 INFO subscribe_strikes: ATM=24100 added=0 total=52
12:30:57 INFO SnapFeeder alive snaps=12601
12:30:57 INFO BrainBridge: drain alive, brain pid=22448 alive=True
12:31:27 INFO subscribe_strikes: ATM=24100 added=0 total=52
12:31:35 INFO OI refresh: 226 strikes updated
12:31:38 WARNING VIX fetch failed: Error in get_quotes(): Expecting value: line 1 column 1 (char 0)
12:31:57 INFO SnapFeeder alive snaps=12661
12:31:57 INFO BrainBridge: drain alive, brain pid=22448 alive=True
12:32:28 INFO subscribe_strikes: ATM=24100 added=0 total=52
12:32:57 INFO SnapFeeder alive snaps=12721
12:32:58 INFO BrainBridge: drain alive, brain pid=22448 alive=True
12:33:28 INFO subscribe_strikes: ATM=24150 added=0 total=52
12:33:58 INFO SnapFeeder alive snaps=12781
12:33:58 INFO BrainBridge: drain alive, brain pid=22448 alive=True
12:34:28 INFO subscribe_strikes: ATM=24100 added=0 total=52
12:34:58 INFO SnapFeeder alive snaps=12841
12:34:58 INFO BrainBridge: drain alive, brain pid=22448 alive=True
12:35:28 INFO subscribe_strikes: ATM=24100 added=0 total=52
12:35:58 INFO SnapFeeder alive snaps=12901
12:35:58 INFO BrainBridge: drain alive, brain pid=22448 alive=True
12:36:28 INFO subscribe_strikes: ATM=24100 added=0 total=52
12:36:59 INFO SnapFeeder alive snaps=12961
12:36:59 INFO BrainBridge: drain alive, brain pid=22448 alive=True
12:37:28 INFO subscribe_strikes: ATM=24100 added=0 total=52
12:37:59 INFO SnapFeeder alive snaps=13021
12:37:59 INFO BrainBridge: drain alive, brain pid=22448 alive=True
12:38:28 INFO subscribe_strikes: ATM=24100 added=0 total=52
12:39:00 INFO SnapFeeder alive snaps=13081
12:39:00 INFO BrainBridge: drain alive, brain pid=22448 alive=True
12:39:28 INFO subscribe_strikes: ATM=24100 added=0 total=52
12:40:00 INFO SnapFeeder alive snaps=13141
12:40:00 INFO BrainBridge: drain alive, brain pid=22448 alive=True
12:40:28 INFO subscribe_strikes: ATM=24100 added=0 total=52
12:41:01 INFO SnapFeeder alive snaps=13201
12:41:01 INFO BrainBridge: drain alive, brain pid=22448 alive=True
12:41:28 INFO subscribe_strikes: ATM=24150 added=0 total=52
12:42:01 INFO SnapFeeder alive snaps=13261
12:42:01 INFO BrainBridge: drain alive, brain pid=22448 alive=True
12:42:10 INFO TradingThread: FAST ENTRY → retest pending PE @119.0 (first_move=3.0)
12:42:16 INFO TradingThread: SUPPORT BREACHED PE @97.8 (support=116.6) — discarded
12:42:28 INFO subscribe_strikes: ATM=24100 added=0 total=52
12:43:01 INFO SnapFeeder alive snaps=13321
12:43:01 INFO BrainBridge: drain alive, brain pid=22448 alive=True
12:43:28 INFO subscribe_strikes: ATM=24100 added=0 total=52
12:44:02 INFO SnapFeeder alive snaps=13381
12:44:02 INFO BrainBridge: drain alive, brain pid=22448 alive=True
12:44:28 INFO subscribe_strikes: ATM=24100 added=0 total=52
12:45:02 INFO SnapFeeder alive snaps=13441
12:45:02 INFO BrainBridge: drain alive, brain pid=22448 alive=True
12:45:28 INFO subscribe_strikes: ATM=24100 added=0 total=52
12:46:02 INFO SnapFeeder alive snaps=13501
12:46:02 INFO BrainBridge: drain alive, brain pid=22448 alive=True
12:46:28 INFO subscribe_strikes: ATM=24100 added=0 total=52
12:46:33 INFO OI refresh: 226 strikes updated
12:46:36 INFO VIX fetch: 18.39
12:46:56 INFO TradingThread: FAST ENTRY → retest pending PE @101.8 (first_move=3.0)
12:47:02 INFO SnapFeeder alive snaps=13561
12:47:02 INFO BrainBridge: drain alive, brain pid=22448 alive=True
12:47:09 INFO TradingThread: PE Phase 1 done — high=106.2 (+4.4 from P0=101.8), waiting retest
12:47:09 INFO TradingThread: PE Phase 2 done — price 106.2 returned near P0=101.8 (buf=6.1), waiting confirmation
12:47:09 INFO TradingThread: PE CONFIRMED ENTRY — engine agrees, price up, vol increasing @106.2
12:47:09 INFO ENTRY #8 PE 24100 @₹105.90 SL=11.0 TGT=33.0 P(win)=0% VIX=MID
12:47:36 INFO subscribe_strikes: ATM=24100 added=0 total=52
12:48:00 INFO SOFT TRAIL #8: peak=4.3 -> SL raised to entry-5.4 (max loss=5.4pts)
12:48:02 INFO SnapFeeder alive snaps=13621
12:48:02 INFO BrainBridge: drain alive, brain pid=22448 alive=True
12:48:13 INFO SOFT TRAIL #8: peak=4.3 -> SL raised to entry-5.3 (max loss=5.3pts)
12:48:16 INFO SOFT TRAIL #8: peak=4.5 -> SL raised to entry-4.9 (max loss=4.9pts)
12:48:16 INFO SOFT TRAIL #8: peak=4.9 -> SL raised to entry-4.1 (max loss=4.1pts)
12:48:17 INFO SOFT TRAIL #8: peak=7.0 -> SL raised to entry-0.0 (max loss=0.0pts)
12:48:18 INFO BREAKEVEN #8: peak=10.1 → SL moved to entry+1.0
12:48:20 INFO EXIT #8 PE +6.6pts (+6.28%) ₹+7312→₹123759 [TRAIL SL] peak=10.1 sl=106.9
12:48:36 INFO subscribe_strikes: ATM=24100 added=0 total=52
12:49:03 INFO SnapFeeder alive snaps=13681
12:49:03 INFO BrainBridge: drain alive, brain pid=22448 alive=True
12:49:36 INFO subscribe_strikes: ATM=24100 added=0 total=52
12:50:03 INFO SnapFeeder alive snaps=13741
12:50:03 INFO BrainBridge: drain alive, brain pid=22448 alive=True
12:50:36 INFO subscribe_strikes: ATM=24100 added=0 total=52
12:51:03 INFO SnapFeeder alive snaps=13801
12:51:03 INFO BrainBridge: drain alive, brain pid=22448 alive=True
12:51:21 INFO TradingThread: FAST ENTRY → retest pending PE @109.5 (first_move=3.0)
12:51:30 INFO TradingThread: SUPPORT BREACHED PE @107.2 (support=107.3) — discarded
12:51:36 INFO subscribe_strikes: ATM=24100 added=0 total=52
12:52:03 INFO SnapFeeder alive snaps=13861
12:52:03 INFO BrainBridge: drain alive, brain pid=22448 alive=True
12:52:36 INFO subscribe_strikes: ATM=24100 added=0 total=52
12:53:03 INFO SnapFeeder alive snaps=13921
12:53:03 INFO BrainBridge: drain alive, brain pid=22448 alive=True
12:53:36 INFO subscribe_strikes: ATM=24100 added=0 total=52
12:54:04 INFO SnapFeeder alive snaps=13981
12:54:04 INFO BrainBridge: drain alive, brain pid=22448 alive=True
12:54:36 INFO subscribe_strikes: ATM=24100 added=0 total=52
12:54:53 INFO TradingThread: FAST ENTRY → retest pending PE @100.5 (first_move=3.0)
12:55:04 INFO SnapFeeder alive snaps=14041
12:55:04 INFO BrainBridge: drain alive, brain pid=22448 alive=True
12:55:08 INFO TradingThread: PE Phase 1 done — high=103.8 (+3.2 from P0=100.5), waiting retest
12:55:08 INFO TradingThread: PE Phase 2 done — price 103.8 returned near P0=100.5 (buf=6.0), waiting confirmation
12:55:08 INFO TradingThread: PE CONFIRMED ENTRY — engine agrees, price up, vol increasing @103.8
12:55:08 INFO ENTRY #9 PE 24100 @₹103.75 SL=11.0 TGT=33.0 P(win)=0% VIX=MID
12:55:36 INFO subscribe_strikes: ATM=24100 added=0 total=52
12:56:04 INFO SnapFeeder alive snaps=14101
12:56:04 INFO BrainBridge: drain alive, brain pid=22448 alive=True
12:56:36 INFO subscribe_strikes: ATM=24100 added=0 total=52
12:57:04 INFO SnapFeeder alive snaps=14161
12:57:04 INFO BrainBridge: drain alive, brain pid=22448 alive=True
12:57:36 INFO subscribe_strikes: ATM=24100 added=0 total=52
12:58:04 INFO SnapFeeder alive snaps=14221
12:58:05 INFO BrainBridge: drain alive, brain pid=22448 alive=True
12:58:08 INFO STALL KILL #9: dead trade (peak=0.00<2.5 in 180s, patience=180s) -> exit at market
12:58:08 INFO consec_sl[PE]=1 — conviction ramp active
12:58:08 INFO EXIT #9 PE -3.5pts (-3.37%) ₹-4175→₹119584 [STALL KILL] peak=0.0 sl=92.8 consec_sl=1
12:58:36 INFO subscribe_strikes: ATM=24100 added=0 total=52
12:59:05 INFO SnapFeeder alive snaps=14281
12:59:05 INFO BrainBridge: drain alive, brain pid=22448 alive=True
12:59:36 INFO subscribe_strikes: ATM=24100 added=0 total=52
13:00:05 INFO SnapFeeder alive snaps=14341
13:00:05 INFO BrainBridge: drain alive, brain pid=22448 alive=True
13:00:36 INFO subscribe_strikes: ATM=24100 added=0 total=52
13:01:05 INFO SnapFeeder alive snaps=14401
13:01:05 INFO BrainBridge: drain alive, brain pid=22448 alive=True
13:01:36 INFO subscribe_strikes: ATM=24100 added=0 total=52
13:01:46 INFO OI refresh: 226 strikes updated
13:01:51 INFO VIX fetch: 18.43
13:02:06 INFO SnapFeeder alive snaps=14461
13:02:06 INFO BrainBridge: drain alive, brain pid=22448 alive=True
13:02:41 INFO subscribe_strikes: ATM=24100 added=0 total=52
13:03:06 INFO SnapFeeder alive snaps=14521
13:03:06 INFO BrainBridge: drain alive, brain pid=22448 alive=True
13:03:41 INFO subscribe_strikes: ATM=24100 added=0 total=52
13:04:06 INFO SnapFeeder alive snaps=14581
13:04:06 INFO BrainBridge: drain alive, brain pid=22448 alive=True
13:04:41 INFO subscribe_strikes: ATM=24100 added=0 total=52
13:05:06 INFO SnapFeeder alive snaps=14641
13:05:07 INFO BrainBridge: drain alive, brain pid=22448 alive=True
13:05:41 INFO subscribe_strikes: ATM=24100 added=0 total=52
13:06:07 INFO SnapFeeder alive snaps=14701
13:06:07 INFO BrainBridge: drain alive, brain pid=22448 alive=True
13:06:41 INFO subscribe_strikes: ATM=24100 added=0 total=52
13:07:07 INFO SnapFeeder alive snaps=14761
13:07:07 INFO BrainBridge: drain alive, brain pid=22448 alive=True
13:07:41 INFO subscribe_strikes: ATM=24100 added=0 total=52
13:08:07 INFO SnapFeeder alive snaps=14821
13:08:07 INFO BrainBridge: drain alive, brain pid=22448 alive=True
13:08:29 INFO TradingThread: FAST ENTRY → retest pending PE @106.0 (first_move=3.0)
13:08:37 INFO TradingThread: SUPPORT BREACHED PE @103.8 (support=103.9) — discarded
13:08:41 INFO subscribe_strikes: ATM=24100 added=0 total=52
13:09:08 INFO SnapFeeder alive snaps=14881
13:09:08 INFO BrainBridge: drain alive, brain pid=22448 alive=True
13:09:41 INFO subscribe_strikes: ATM=24100 added=0 total=52
13:10:08 INFO SnapFeeder alive snaps=14941
13:10:08 INFO BrainBridge: drain alive, brain pid=22448 alive=True
13:10:41 INFO subscribe_strikes: ATM=24100 added=0 total=52
13:11:09 INFO SnapFeeder alive snaps=15001
13:11:09 INFO BrainBridge: drain alive, brain pid=22448 alive=True
13:11:41 INFO subscribe_strikes: ATM=24100 added=0 total=52
13:12:09 INFO SnapFeeder alive snaps=15061
13:12:09 INFO BrainBridge: drain alive, brain pid=22448 alive=True
13:12:41 INFO subscribe_strikes: ATM=24100 added=0 total=52
13:13:10 INFO SnapFeeder alive snaps=15121
13:13:10 INFO BrainBridge: drain alive, brain pid=22448 alive=True
13:13:41 INFO subscribe_strikes: ATM=24100 added=0 total=52
13:14:10 INFO SnapFeeder alive snaps=15181
13:14:10 INFO BrainBridge: drain alive, brain pid=22448 alive=True
13:14:41 INFO subscribe_strikes: ATM=24100 added=0 total=52
13:15:10 INFO SnapFeeder alive snaps=15241
13:15:10 INFO BrainBridge: drain alive, brain pid=22448 alive=True
13:15:41 INFO subscribe_strikes: ATM=24100 added=0 total=52
13:16:10 INFO SnapFeeder alive snaps=15301
13:16:10 INFO BrainBridge: drain alive, brain pid=22448 alive=True
13:16:41 INFO subscribe_strikes: ATM=24100 added=0 total=52
13:16:50 INFO OI refresh: 226 strikes updated
13:16:54 INFO VIX fetch: 18.36
13:17:11 INFO SnapFeeder alive snaps=15361
13:17:11 INFO BrainBridge: drain alive, brain pid=22448 alive=True
13:17:44 INFO subscribe_strikes: ATM=24100 added=0 total=52
13:18:11 INFO SnapFeeder alive snaps=15421
13:18:11 INFO BrainBridge: drain alive, brain pid=22448 alive=True
13:18:45 INFO subscribe_strikes: ATM=24100 added=0 total=52
13:19:11 INFO SnapFeeder alive snaps=15481
13:19:11 INFO BrainBridge: drain alive, brain pid=22448 alive=True
13:19:45 INFO subscribe_strikes: ATM=24100 added=0 total=52
13:20:11 INFO SnapFeeder alive snaps=15541
13:20:11 INFO BrainBridge: drain alive, brain pid=22448 alive=True
13:20:26 INFO TradingThread: Signal Persisted (2/5 window). PENDING impulse confirm PE @112.0
13:20:34 INFO TradingThread: PE Phase 1 done — high=115.2 (+3.2 from P0=112.0), waiting retest
13:20:34 INFO TradingThread: PE Phase 2 done — price 115.2 returned near P0=112.0 (buf=6.7), waiting confirmation
13:20:34 INFO TradingThread: PE CONFIRMED ENTRY — engine agrees, price up, vol increasing @115.2
13:20:34 INFO ReEntry gate: 1×SL — need 67% conv got 67%
13:20:39 INFO TradingThread: Signal Persisted (2/5 window). PENDING impulse confirm PE @116.0
13:20:41 INFO TradingThread: SUPPORT BREACHED PE @113.6 (support=113.7) — discarded
13:20:44 INFO TradingThread: Signal Persisted (2/5 window). PENDING impulse confirm PE @115.4
13:20:45 INFO subscribe_strikes: ATM=24100 added=0 total=52
13:20:59 INFO TradingThread: PE Phase 1 done — high=119.3 (+3.9 from P0=115.4), waiting retest
13:20:59 INFO TradingThread: PE Phase 2 done — price 119.3 returned near P0=115.4 (buf=6.9), waiting confirmation
13:20:59 INFO TradingThread: PE CONFIRMED ENTRY — engine agrees, price up, vol increasing @119.3
13:20:59 INFO ReEntry gate: 1×SL — need 67% conv got 62%
13:21:12 INFO SnapFeeder alive snaps=15601
13:21:12 INFO BrainBridge: drain alive, brain pid=22448 alive=True
13:21:45 INFO subscribe_strikes: ATM=24100 added=0 total=52
13:22:06 INFO TradingThread: Signal Persisted (2/5 window). PENDING impulse confirm PE @109.3
13:22:12 INFO SnapFeeder alive snaps=15661
13:22:12 INFO BrainBridge: drain alive, brain pid=22448 alive=True
13:22:16 INFO TradingThread: SUPPORT BREACHED PE @106.9 (support=107.2) — discarded
13:22:19 INFO TradingThread: Signal Persisted (2/5 window). PENDING impulse confirm PE @108.2
13:22:22 INFO TradingThread: PE Phase 1 done — high=111.3 (+3.0 from P0=108.2), waiting retest
13:22:22 INFO TradingThread: PE Phase 2 done — price 111.3 returned near P0=108.2 (buf=6.5), waiting confirmation
13:22:22 INFO TradingThread: PE CONFIRMED ENTRY — engine agrees, price up, vol increasing @111.3
13:22:22 INFO ReEntry gate: 1×SL — need 67% conv got 64%
13:22:23 INFO TradingThread: Signal Persisted (2/5 window). PENDING impulse confirm PE @111.8
13:22:28 INFO TradingThread: PE Phase 1 done — high=115.3 (+3.5 from P0=111.8), waiting retest
13:22:28 INFO TradingThread: PE Phase 2 done — price 115.3 returned near P0=111.8 (buf=6.7), waiting confirmation
13:22:28 INFO TradingThread: PE CONFIRMED ENTRY — engine agrees, price up, vol increasing @115.3
13:22:28 INFO ENTRY #10 PE 24100 @₹115.30 SL=11.0 TGT=33.0 P(win)=39% VIX=MID
13:22:43 INFO SOFT TRAIL #10: peak=7.0 -> SL raised to entry-0.0 (max loss=0.0pts)
13:22:45 INFO subscribe_strikes: ATM=24050 added=0 total=52
13:23:12 INFO SnapFeeder alive snaps=15721
13:23:12 INFO BrainBridge: drain alive, brain pid=22448 alive=True
13:23:18 INFO EXIT #10 PE +4.9pts (+4.21%) ₹+5030→₹124614 [TRAIL SL] peak=9.1 sl=115.3
13:23:25 INFO TradingThread: Signal Persisted (2/5 window). PENDING impulse confirm PE @100.2
13:23:28 INFO TradingThread: PE Phase 1 done — high=103.3 (+3.1 from P0=100.2), waiting retest
13:23:28 INFO TradingThread: PE Phase 2 done — price 103.3 returned near P0=100.2 (buf=6.0), waiting confirmation
13:23:28 INFO TradingThread: PE CONFIRMED ENTRY — engine agrees, price up, vol increasing @103.3
13:23:28 INFO ENTRY #11 PE 24050 @₹103.30 SL=11.0 TGT=33.0 P(win)=19% VIX=MID
13:23:45 INFO subscribe_strikes: ATM=24050 added=0 total=52
13:24:12 INFO SnapFeeder alive snaps=15781
13:24:12 INFO BrainBridge: drain alive, brain pid=22448 alive=True
13:24:30 INFO consec_sl[PE]=1 — conviction ramp active
13:24:30 INFO EXIT #11 PE -11.0pts (-10.70%) ₹-13330→₹111284 [SL HIT] peak=0.2 sl=92.3 consec_sl=1
13:24:45 INFO subscribe_strikes: ATM=24050 added=0 total=52
13:24:49 INFO TradingThread: Signal Persisted (2/5 window). PENDING impulse confirm PE @93.5
13:24:59 INFO TradingThread: PE Phase 1 done — high=96.8 (+3.3 from P0=93.5), waiting retest
13:24:59 INFO TradingThread: PE Phase 2 done — price 96.8 returned near P0=93.5 (buf=5.6), waiting confirmation
13:24:59 INFO TradingThread: PE CONFIRMED ENTRY — engine agrees, price up, vol increasing @96.8
13:24:59 INFO ReEntry gate: 1×SL — need 67% conv got 63%
13:25:08 INFO TradingThread: Signal Persisted (2/5 window). PENDING impulse confirm PE @98.3
13:25:12 INFO SnapFeeder alive snaps=15841
13:25:12 INFO BrainBridge: drain alive, brain pid=22448 alive=True
13:25:45 INFO subscribe_strikes: ATM=24050 added=0 total=52
13:25:52 INFO TradingThread: SUPPORT BREACHED PE @95.8 (support=96.3) — discarded
13:26:13 INFO SnapFeeder alive snaps=15901
13:26:13 INFO BrainBridge: drain alive, brain pid=22448 alive=True
13:26:22 INFO TradingThread: Signal Persisted (2/5 window). PENDING impulse confirm PE @113.0
13:26:37 INFO TradingThread: SUPPORT BREACHED PE @110.3 (support=110.7) — discarded
13:26:45 INFO subscribe_strikes: ATM=24100 added=0 total=52
13:27:13 INFO SnapFeeder alive snaps=15961
13:27:13 INFO BrainBridge: drain alive, brain pid=22448 alive=True
13:27:45 INFO subscribe_strikes: ATM=24050 added=0 total=52
13:28:06 INFO TradingThread: Signal Persisted (2/5 window). PENDING impulse confirm PE @98.6
13:28:13 INFO SnapFeeder alive snaps=16021
13:28:13 INFO BrainBridge: drain alive, brain pid=22448 alive=True
13:28:41 INFO TradingThread: PE Phase 1 done — high=102.9 (+4.3 from P0=98.6), waiting retest
13:28:41 INFO TradingThread: PE Phase 2 done — price 102.9 returned near P0=98.6 (buf=5.9), waiting confirmation
13:28:41 INFO TradingThread: PE CONFIRMED ENTRY — engine agrees, price up, vol increasing @102.9
13:28:41 INFO ENTRY #12 PE 24050 @₹102.90 SL=11.0 TGT=33.0 P(win)=37% VIX=MID
13:28:45 INFO subscribe_strikes: ATM=24050 added=0 total=52
13:28:56 INFO SOFT TRAIL #12: peak=5.1 -> SL raised to entry-3.7 (max loss=3.7pts)
13:29:02 INFO BREAKEVEN #12: peak=10.5 → SL moved to entry+1.0
13:29:10 INFO EXIT #12 PE +10.4pts (+10.16%) ₹+11301→₹122586 [TRAIL SL] peak=15.2 sl=103.9
13:29:13 INFO SnapFeeder alive snaps=16081
13:29:13 INFO BrainBridge: drain alive, brain pid=22448 alive=True
13:29:18 INFO TradingThread: Signal Persisted (2/5 window). PENDING impulse confirm PE @113.0
13:29:24 INFO TradingThread: PE Phase 1 done — high=116.2 (+3.2 from P0=113.0), waiting retest
13:29:24 INFO TradingThread: PE Phase 2 done — price 116.2 returned near P0=113.0 (buf=6.8), waiting confirmation
13:29:24 INFO TradingThread: PE CONFIRMED ENTRY — engine agrees, price up, vol increasing @116.2
13:29:24 INFO ENTRY #13 PE 24050 @₹116.20 SL=11.0 TGT=33.0 P(win)=16% VIX=MID
13:29:45 INFO subscribe_strikes: ATM=24050 added=0 total=52
13:29:49 INFO EXIT #13 PE +4.8pts (+4.17%) ₹+5117→₹127702 [TRAIL SL] peak=8.7 sl=105.2
13:30:13 INFO SnapFeeder alive snaps=16141
13:30:13 INFO BrainBridge: drain alive, brain pid=22448 alive=True
13:30:45 INFO subscribe_strikes: ATM=24000 added=0 total=52
13:31:13 INFO SnapFeeder alive snaps=16201
13:31:14 INFO BrainBridge: drain alive, brain pid=22448 alive=True
13:31:45 INFO subscribe_strikes: ATM=24050 added=0 total=52
13:31:51 INFO OI refresh: 226 strikes updated
13:31:54 INFO VIX fetch: 18.75
13:32:14 INFO SnapFeeder alive snaps=16261
13:32:14 INFO BrainBridge: drain alive, brain pid=22448 alive=True
13:32:54 INFO subscribe_strikes: ATM=24050 added=0 total=52
13:33:14 INFO SnapFeeder alive snaps=16321
13:33:14 INFO BrainBridge: drain alive, brain pid=22448 alive=True
13:33:55 INFO subscribe_strikes: ATM=24050 added=0 total=52
13:34:14 INFO SnapFeeder alive snaps=16381
13:34:14 INFO BrainBridge: drain alive, brain pid=22448 alive=True
13:34:55 INFO subscribe_strikes: ATM=24000 added=0 total=52
13:35:15 INFO SnapFeeder alive snaps=16441
13:35:15 INFO BrainBridge: drain alive, brain pid=22448 alive=True
13:35:55 INFO subscribe_strikes: ATM=24000 added=0 total=52
13:36:15 INFO SnapFeeder alive snaps=16501
13:36:15 INFO BrainBridge: drain alive, brain pid=22448 alive=True
13:36:55 INFO subscribe_strikes: ATM=24000 added=0 total=52
13:37:15 INFO SnapFeeder alive snaps=16561
13:37:15 INFO BrainBridge: drain alive, brain pid=22448 alive=True
13:37:55 INFO subscribe_strikes: ATM=24000 added=0 total=52
13:38:15 INFO SnapFeeder alive snaps=16621
13:38:15 INFO BrainBridge: drain alive, brain pid=22448 alive=True
13:38:55 INFO subscribe_strikes: ATM=24050 added=0 total=52
13:39:16 INFO SnapFeeder alive snaps=16681
13:39:16 INFO BrainBridge: drain alive, brain pid=22448 alive=True
13:39:55 INFO subscribe_strikes: ATM=24050 added=0 total=52
13:40:16 INFO SnapFeeder alive snaps=16741
13:40:16 INFO BrainBridge: drain alive, brain pid=22448 alive=True
13:40:27 INFO TradingThread: Signal Persisted (2/5 window). PENDING impulse confirm PE @111.3
13:40:47 INFO TradingThread: SUPPORT BREACHED PE @108.8 (support=109.1) — discarded
13:40:55 INFO subscribe_strikes: ATM=24050 added=0 total=52
13:41:14 INFO TradingThread: Signal Persisted (2/5 window). PENDING impulse confirm PE @106.6
13:41:16 INFO SnapFeeder alive snaps=16801
13:41:16 INFO BrainBridge: drain alive, brain pid=22448 alive=True
13:41:53 INFO TradingThread: SUPPORT BREACHED PE @103.5 (support=104.5) — discarded
13:41:55 INFO subscribe_strikes: ATM=24050 added=0 total=52
13:42:17 INFO SnapFeeder alive snaps=16861
13:42:17 INFO BrainBridge: drain alive, brain pid=22448 alive=True
13:42:55 INFO subscribe_strikes: ATM=24100 added=0 total=52
13:43:06 INFO TradingThread: Signal Persisted (2/5 window). PENDING impulse confirm PE @119.7
13:43:11 INFO TradingThread: SUPPORT BREACHED PE @96.4 (support=117.3) — discarded
13:43:17 INFO SnapFeeder alive snaps=16921
13:43:17 INFO BrainBridge: drain alive, brain pid=22448 alive=True
13:43:55 INFO subscribe_strikes: ATM=24100 added=0 total=52
13:44:17 INFO SnapFeeder alive snaps=16981
13:44:17 INFO BrainBridge: drain alive, brain pid=22448 alive=True
13:44:55 INFO subscribe_strikes: ATM=24100 added=0 total=52
13:45:11 INFO TradingThread: Signal Persisted (2/5 window). PENDING impulse confirm PE @109.3
13:45:18 INFO SnapFeeder alive snaps=17041
13:45:18 INFO BrainBridge: drain alive, brain pid=22448 alive=True
13:45:49 INFO TradingThread: PE Phase 1 done — high=112.5 (+3.2 from P0=109.3), waiting retest
13:45:49 INFO TradingThread: PE Phase 2 done — price 112.5 returned near P0=109.3 (buf=6.6), waiting confirmation
13:45:49 INFO TradingThread: PE CONFIRMED ENTRY — engine agrees, price up, vol increasing @112.5
13:45:49 INFO ENTRY #14 PE 24100 @₹112.55 SL=11.0 TGT=33.0 P(win)=12% VIX=MID
13:45:55 INFO subscribe_strikes: ATM=24100 added=0 total=52
13:46:18 INFO SnapFeeder alive snaps=17101
13:46:18 INFO BrainBridge: drain alive, brain pid=22448 alive=True
13:46:54 INFO OI refresh: 226 strikes updated
13:47:02 INFO VIX fetch: 18.53
13:47:12 INFO subscribe_strikes: ATM=24100 added=0 total=52
13:47:18 INFO SnapFeeder alive snaps=17161
13:47:18 INFO BrainBridge: drain alive, brain pid=22448 alive=True
13:47:29 INFO STALL KILL #14: dead trade (peak=1.85<2.5 in 100s, patience=100s) -> exit at market
13:47:29 INFO consec_sl[PE]=1 — conviction ramp active
13:47:29 INFO EXIT #14 PE -5.3pts (-4.75%) ₹-6070→₹121632 [STALL KILL] peak=1.9 sl=101.5 consec_sl=1
13:48:12 INFO subscribe_strikes: ATM=24100 added=0 total=52
13:48:19 INFO SnapFeeder alive snaps=17221
13:48:19 INFO BrainBridge: drain alive, brain pid=22448 alive=True
13:49:12 INFO subscribe_strikes: ATM=24100 added=0 total=52
13:49:19 INFO SnapFeeder alive snaps=17281
13:49:19 INFO BrainBridge: drain alive, brain pid=22448 alive=True
13:49:44 INFO TradingThread: Signal Persisted (2/5 window). PENDING impulse confirm PE @107.5
13:49:51 INFO TradingThread: SUPPORT BREACHED PE @105.3 (support=105.3) — discarded
13:50:12 INFO subscribe_strikes: ATM=24100 added=0 total=52
13:50:16 INFO TradingThread: Signal Persisted (2/5 window). PENDING impulse confirm PE @106.0
13:50:19 INFO SnapFeeder alive snaps=17341
13:50:19 INFO BrainBridge: drain alive, brain pid=22448 alive=True
13:50:28 INFO TradingThread: SUPPORT BREACHED PE @103.7 (support=103.8) — discarded
13:51:12 INFO subscribe_strikes: ATM=24100 added=0 total=52
13:51:19 INFO SnapFeeder alive snaps=17401
13:51:20 INFO BrainBridge: drain alive, brain pid=22448 alive=True
13:52:04 INFO TradingThread: Signal Persisted (2/5 window). PENDING impulse confirm PE @104.8
13:52:13 INFO subscribe_strikes: ATM=24100 added=0 total=52
13:52:20 INFO SnapFeeder alive snaps=17461
13:52:20 INFO BrainBridge: drain alive, brain pid=22448 alive=True
13:52:58 INFO TradingThread: SUPPORT BREACHED PE @102.2 (support=102.8) — discarded
13:53:13 INFO subscribe_strikes: ATM=24100 added=0 total=52
13:53:21 INFO SnapFeeder alive snaps=17521
13:53:21 INFO BrainBridge: drain alive, brain pid=22448 alive=True
13:54:13 INFO subscribe_strikes: ATM=24100 added=0 total=52
13:54:21 INFO SnapFeeder alive snaps=17581
13:54:21 INFO BrainBridge: drain alive, brain pid=22448 alive=True
13:55:13 INFO subscribe_strikes: ATM=24100 added=0 total=52
13:55:21 INFO SnapFeeder alive snaps=17641
13:55:21 INFO BrainBridge: drain alive, brain pid=22448 alive=True
13:56:13 INFO subscribe_strikes: ATM=24100 added=0 total=52
13:56:22 INFO SnapFeeder alive snaps=17701
13:56:22 INFO BrainBridge: drain alive, brain pid=22448 alive=True
13:57:13 INFO subscribe_strikes: ATM=24050 added=0 total=52
13:57:22 INFO SnapFeeder alive snaps=17761
13:57:22 INFO BrainBridge: drain alive, brain pid=22448 alive=True
13:57:54 INFO TradingThread: Signal Persisted (2/5 window). PENDING impulse confirm PE @99.0
13:57:55 INFO TradingThread: PE Phase 1 done — high=102.2 (+3.2 from P0=99.0), waiting retest
13:57:55 INFO TradingThread: PE Phase 2 done — price 102.2 returned near P0=99.0 (buf=5.9), waiting confirmation
13:57:56 INFO TradingThread: PE CONFIRMED ENTRY — engine agrees, price up, vol increasing @102.2
13:57:56 INFO ReEntry gate: 1×SL — need 67% conv got 66%
13:58:13 INFO subscribe_strikes: ATM=24050 added=0 total=52
13:58:23 INFO SnapFeeder alive snaps=17821
13:58:23 INFO BrainBridge: drain alive, brain pid=22448 alive=True
13:58:32 INFO TradingThread: FAST ENTRY → retest pending CE @138.4 (first_move=3.0)
13:58:42 INFO TradingThread: CE Phase 1 done — high=142.6 (+4.1 from P0=138.4), waiting retest
13:58:42 INFO TradingThread: CE Phase 2 done — price 142.6 returned near P0=138.4 (buf=8.0), waiting confirmation
13:58:42 INFO TradingThread: CE Phase 3 — engine flipped to PE, discarding
13:59:13 INFO subscribe_strikes: ATM=24100 added=0 total=52
13:59:23 INFO SnapFeeder alive snaps=17881
13:59:23 INFO BrainBridge: drain alive, brain pid=22448 alive=True
14:00:13 INFO subscribe_strikes: ATM=24100 added=0 total=52
14:00:23 INFO SnapFeeder alive snaps=17941
14:00:23 INFO BrainBridge: drain alive, brain pid=22448 alive=True
14:01:13 INFO subscribe_strikes: ATM=24050 added=0 total=52
14:01:24 INFO SnapFeeder alive snaps=18001
14:01:24 INFO BrainBridge: drain alive, brain pid=22448 alive=True
14:02:02 INFO OI refresh: 226 strikes updated
14:02:06 INFO VIX fetch: 18.57
14:02:16 INFO subscribe_strikes: ATM=24050 added=0 total=52
14:02:24 INFO SnapFeeder alive snaps=18061
14:02:24 INFO BrainBridge: drain alive, brain pid=22448 alive=True
14:03:16 INFO subscribe_strikes: ATM=24050 added=0 total=52
14:03:24 INFO SnapFeeder alive snaps=18121
14:03:24 INFO BrainBridge: drain alive, brain pid=22448 alive=True
14:04:16 INFO subscribe_strikes: ATM=24050 added=0 total=52
14:04:25 INFO SnapFeeder alive snaps=18181
14:04:25 INFO BrainBridge: drain alive, brain pid=22448 alive=True
14:05:16 INFO subscribe_strikes: ATM=24050 added=0 total=52
14:05:25 INFO SnapFeeder alive snaps=18241
14:05:25 INFO BrainBridge: drain alive, brain pid=22448 alive=True
14:06:16 INFO subscribe_strikes: ATM=24100 added=0 total=52
14:06:25 INFO SnapFeeder alive snaps=18301
14:06:25 INFO BrainBridge: drain alive, brain pid=22448 alive=True
14:07:16 INFO subscribe_strikes: ATM=24050 added=0 total=52
14:07:25 INFO SnapFeeder alive snaps=18361
14:07:26 INFO BrainBridge: drain alive, brain pid=22448 alive=True
14:08:16 INFO subscribe_strikes: ATM=24050 added=0 total=52
14:08:26 INFO SnapFeeder alive snaps=18421
14:08:26 INFO BrainBridge: drain alive, brain pid=22448 alive=True
14:09:16 INFO subscribe_strikes: ATM=24050 added=0 total=52
14:09:26 INFO SnapFeeder alive snaps=18481
14:09:26 INFO BrainBridge: drain alive, brain pid=22448 alive=True
14:10:16 INFO subscribe_strikes: ATM=24100 added=0 total=52
14:10:26 INFO SnapFeeder alive snaps=18541
14:10:26 INFO BrainBridge: drain alive, brain pid=22448 alive=True
14:10:35 INFO TradingThread: FAST ENTRY → retest pending CE @122.0 (first_move=3.0)
14:10:47 INFO TradingThread: CE Phase 1 done — high=125.5 (+3.5 from P0=122.0), waiting retest
14:10:47 INFO TradingThread: CE Phase 2 done — price 125.5 returned near P0=122.0 (buf=7.3), waiting confirmation
14:10:47 INFO TradingThread: CE CONFIRMED ENTRY — engine agrees, price up, vol increasing @125.5
14:10:47 INFO ReEntry gate [DIR_FLIP]: 0×SL — need 68% conv got 63%
14:11:16 INFO subscribe_strikes: ATM=24100 added=0 total=52
14:11:27 INFO SnapFeeder alive snaps=18601
14:11:27 INFO BrainBridge: drain alive, brain pid=22448 alive=True
14:12:17 INFO subscribe_strikes: ATM=24100 added=0 total=52
14:12:27 INFO SnapFeeder alive snaps=18661
14:12:27 INFO BrainBridge: drain alive, brain pid=22448 alive=True
14:13:17 INFO subscribe_strikes: ATM=24100 added=0 total=52
14:13:27 INFO SnapFeeder alive snaps=18721
14:13:27 INFO BrainBridge: drain alive, brain pid=22448 alive=True
14:14:17 INFO subscribe_strikes: ATM=24100 added=0 total=52
14:14:28 INFO SnapFeeder alive snaps=18781
14:14:28 INFO BrainBridge: drain alive, brain pid=22448 alive=True
14:14:43 INFO TradingThread: FAST ENTRY → retest pending CE @136.6 (first_move=3.0)
14:15:17 INFO subscribe_strikes: ATM=24100 added=0 total=52
14:15:21 INFO TradingThread: SUPPORT BREACHED CE @133.7 (support=133.8) — discarded
14:15:28 INFO SnapFeeder alive snaps=18841
14:15:28 INFO BrainBridge: drain alive, brain pid=22448 alive=True
14:16:17 INFO subscribe_strikes: ATM=24100 added=0 total=52
14:16:28 INFO SnapFeeder alive snaps=18901
14:16:28 INFO BrainBridge: drain alive, brain pid=22448 alive=True
14:16:59 INFO TradingThread: Signal Persisted (2/5 window). PENDING impulse confirm PE @99.2
14:17:02 INFO OI refresh: 226 strikes updated
14:17:02 INFO TradingThread: SUPPORT BREACHED PE @97.0 (support=97.2) — discarded
14:17:04 INFO VIX fetch: 18.36
14:17:24 INFO subscribe_strikes: ATM=24100 added=0 total=52
14:17:28 INFO SnapFeeder alive snaps=18961
14:17:28 INFO BrainBridge: drain alive, brain pid=22448 alive=True
14:18:24 INFO subscribe_strikes: ATM=24150 added=0 total=52
14:18:29 INFO SnapFeeder alive snaps=19021
14:18:29 INFO BrainBridge: drain alive, brain pid=22448 alive=True
14:19:24 INFO subscribe_strikes: ATM=24150 added=0 total=52
14:19:29 INFO SnapFeeder alive snaps=19081
14:19:29 INFO BrainBridge: drain alive, brain pid=22448 alive=True
14:20:24 INFO subscribe_strikes: ATM=24150 added=0 total=52
14:20:29 INFO SnapFeeder alive snaps=19141
14:20:29 INFO BrainBridge: drain alive, brain pid=22448 alive=True
14:21:24 INFO subscribe_strikes: ATM=24150 added=0 total=52
14:21:29 INFO SnapFeeder alive snaps=19201
14:21:29 INFO BrainBridge: drain alive, brain pid=22448 alive=True
14:22:24 INFO subscribe_strikes: ATM=24150 added=0 total=52
14:22:29 INFO SnapFeeder alive snaps=19261
14:22:29 INFO BrainBridge: drain alive, brain pid=22448 alive=True
14:23:24 INFO subscribe_strikes: ATM=24100 added=0 total=52
14:23:29 INFO SnapFeeder alive snaps=19321
14:23:29 INFO BrainBridge: drain alive, brain pid=22448 alive=True
14:24:24 INFO subscribe_strikes: ATM=24150 added=0 total=52
14:24:30 INFO SnapFeeder alive snaps=19381
14:24:30 INFO BrainBridge: drain alive, brain pid=22448 alive=True
14:25:24 INFO subscribe_strikes: ATM=24150 added=0 total=52
14:25:30 INFO SnapFeeder alive snaps=19441
14:25:30 INFO BrainBridge: drain alive, brain pid=22448 alive=True
14:26:24 INFO subscribe_strikes: ATM=24150 added=0 total=52
14:26:30 INFO SnapFeeder alive snaps=19501
14:26:30 INFO BrainBridge: drain alive, brain pid=22448 alive=True
14:27:24 INFO subscribe_strikes: ATM=24150 added=0 total=52
14:27:30 INFO SnapFeeder alive snaps=19561
14:27:30 INFO BrainBridge: drain alive, brain pid=22448 alive=True
14:28:08 INFO TradingThread: Signal Persisted (2/5 window). PENDING impulse confirm PE @92.3
14:28:24 INFO subscribe_strikes: ATM=24100 added=0 total=52
14:28:30 INFO SnapFeeder alive snaps=19621
14:28:30 INFO BrainBridge: drain alive, brain pid=22448 alive=True
14:28:31 INFO TradingThread: SUPPORT BREACHED PE @90.2 (support=90.5) — discarded
14:28:49 INFO TradingThread: Signal Persisted (2/5 window). PENDING impulse confirm PE @88.1
14:29:24 INFO subscribe_strikes: ATM=24100 added=0 total=52
14:29:27 INFO TradingThread: PE Phase 1 done — high=91.8 (+3.7 from P0=88.1), waiting retest
14:29:27 INFO TradingThread: PE Phase 2 done — price 91.8 returned near P0=88.1 (buf=5.3), waiting confirmation
14:29:27 INFO TradingThread: PE CONFIRMED ENTRY — engine agrees, price up, vol increasing @91.8
14:29:27 INFO ReEntry gate: 1×SL — need 67% conv got 62%
14:29:30 INFO SnapFeeder alive snaps=19681
14:29:30 INFO BrainBridge: drain alive, brain pid=22448 alive=True
14:30:24 INFO subscribe_strikes: ATM=24150 added=0 total=52
14:30:31 INFO SnapFeeder alive snaps=19741
14:30:31 INFO BrainBridge: drain alive, brain pid=22448 alive=True
14:31:24 INFO subscribe_strikes: ATM=24100 added=0 total=52
14:31:31 INFO SnapFeeder alive snaps=19801
14:31:31 INFO BrainBridge: drain alive, brain pid=22448 alive=True
14:32:09 INFO OI refresh: 226 strikes updated
14:32:10 INFO VIX fetch: 18.33
14:32:30 INFO subscribe_strikes: ATM=24100 added=0 total=52
14:32:31 INFO SnapFeeder alive snaps=19861
14:32:31 INFO BrainBridge: drain alive, brain pid=22448 alive=True
14:33:30 INFO subscribe_strikes: ATM=24100 added=0 total=52
14:33:31 INFO SnapFeeder alive snaps=19921
14:33:31 INFO BrainBridge: drain alive, brain pid=22448 alive=True
14:34:30 INFO subscribe_strikes: ATM=24100 added=0 total=52
14:34:31 INFO SnapFeeder alive snaps=19981
14:34:31 INFO BrainBridge: drain alive, brain pid=22448 alive=True
14:35:30 INFO subscribe_strikes: ATM=24100 added=0 total=52
14:35:31 INFO SnapFeeder alive snaps=20041
14:35:31 INFO BrainBridge: drain alive, brain pid=22448 alive=True
14:36:27 INFO TradingThread: Signal Persisted (2/5 window). PENDING impulse confirm PE @92.1
14:36:30 INFO subscribe_strikes: ATM=24100 added=0 total=52
14:36:31 INFO SnapFeeder alive snaps=20101
14:36:31 INFO BrainBridge: drain alive, brain pid=22448 alive=True
14:37:09 INFO TradingThread: SUPPORT BREACHED PE @89.7 (support=90.3) — discarded
14:37:30 INFO subscribe_strikes: ATM=24100 added=0 total=52
14:37:32 INFO SnapFeeder alive snaps=20161
14:37:32 INFO BrainBridge: drain alive, brain pid=22448 alive=True
14:38:30 INFO subscribe_strikes: ATM=24100 added=0 total=52
14:38:32 INFO SnapFeeder alive snaps=20221
14:38:32 INFO BrainBridge: drain alive, brain pid=22448 alive=True
14:39:30 INFO subscribe_strikes: ATM=24100 added=0 total=52
14:39:32 INFO SnapFeeder alive snaps=20281
14:39:32 INFO BrainBridge: drain alive, brain pid=22448 alive=True
14:40:30 INFO subscribe_strikes: ATM=24100 added=0 total=52
14:40:32 INFO SnapFeeder alive snaps=20341
14:40:32 INFO BrainBridge: drain alive, brain pid=22448 alive=True
14:40:51 INFO TradingThread: Signal Persisted (2/5 window). PENDING impulse confirm PE @95.1
14:41:26 INFO TradingThread: PE Phase 1 done — high=99.5 (+4.4 from P0=95.1), waiting retest
14:41:26 INFO TradingThread: PE Phase 2 done — price 99.5 returned near P0=95.1 (buf=5.7), waiting confirmation
14:41:26 INFO TradingThread: PE CONFIRMED ENTRY — engine agrees, price up, vol increasing @99.5
14:41:26 INFO ReEntry gate: 1×SL — need 67% conv got 62%
14:41:28 INFO TradingThread: Signal Persisted (2/5 window). PENDING impulse confirm PE @100.7
14:41:30 INFO subscribe_strikes: ATM=24100 added=0 total=52
14:41:32 INFO SnapFeeder alive snaps=20401
14:41:32 INFO BrainBridge: drain alive, brain pid=22448 alive=True
14:41:32 INFO TradingThread: PE Phase 1 done — high=104.5 (+3.9 from P0=100.7), waiting retest
14:41:32 INFO TradingThread: PE Phase 2 done — price 104.5 returned near P0=100.7 (buf=6.0), waiting confirmation
14:41:32 INFO TradingThread: PE CONFIRMED ENTRY — engine agrees, price up, vol increasing @104.5
14:41:32 INFO ReEntry gate: 1×SL — need 67% conv got 65%
14:41:34 INFO TradingThread: Signal Persisted (2/5 window). PENDING impulse confirm PE @105.5
14:41:36 INFO TradingThread: PE Phase 1 done — high=109.1 (+3.6 from P0=105.5), waiting retest
14:41:36 INFO TradingThread: PE Phase 2 done — price 109.1 returned near P0=105.5 (buf=6.3), waiting confirmation
14:41:36 INFO TradingThread: PE CONFIRMED ENTRY — engine agrees, price up, vol increasing @109.1
14:41:36 INFO ReEntry gate: 1×SL — need 67% conv got 64%
14:41:39 INFO TradingThread: Signal Persisted (2/5 window). PENDING impulse confirm PE @104.0
14:41:42 INFO TradingThread: PE Phase 1 done — high=107.0 (+3.0 from P0=104.0), waiting retest
14:41:42 INFO TradingThread: PE Phase 2 done — price 107.0 returned near P0=104.0 (buf=6.2), waiting confirmation
14:41:42 INFO TradingThread: PE CONFIRMED ENTRY — engine agrees, price up, vol increasing @107.0
14:41:42 INFO ENTRY #15 PE 24100 @₹106.95 SL=11.0 TGT=33.0 P(win)=39% VIX=MID
14:41:57 INFO SOFT TRAIL #15: peak=7.9 -> SL raised to entry-0.0 (max loss=0.0pts)
14:42:11 INFO consec_sl[PE]=2 — conviction ramp active
14:42:11 INFO EXIT #15 PE -0.2pts (-0.23%) ₹-284→₹121348 [SL HIT] peak=7.9 sl=107.0 consec_sl=2
14:42:30 INFO subscribe_strikes: ATM=24100 added=0 total=52
14:42:33 INFO SnapFeeder alive snaps=20461
14:42:33 INFO BrainBridge: drain alive, brain pid=22448 alive=True
14:42:40 INFO TradingThread: Signal Persisted (2/5 window). PENDING impulse confirm PE @102.8
14:42:42 INFO TradingThread: SUPPORT BREACHED PE @100.5 (support=100.7) — discarded
14:43:08 INFO TradingThread: Signal Persisted (2/5 window). PENDING impulse confirm PE @101.2
14:43:25 INFO TradingThread: PE Phase 1 done — high=105.7 (+4.4 from P0=101.2), waiting retest
14:43:25 INFO TradingThread: PE Phase 2 done — price 105.7 returned near P0=101.2 (buf=6.1), waiting confirmation
14:43:25 INFO TradingThread: PE CONFIRMED ENTRY — engine agrees, price up, vol increasing @105.7
14:43:25 INFO ReEntry gate: 2×SL — need 74% conv got 64%
14:43:26 INFO TradingThread: FAST ENTRY → retest pending PE @107.0 (first_move=3.0)
14:43:30 INFO TradingThread: SUPPORT BREACHED PE @104.5 (support=104.9) — discarded
14:43:30 INFO subscribe_strikes: ATM=24100 added=0 total=52
14:43:33 INFO SnapFeeder alive snaps=20521
14:43:33 INFO BrainBridge: drain alive, brain pid=22448 alive=True
14:44:31 INFO subscribe_strikes: ATM=24100 added=0 total=52
14:44:34 INFO SnapFeeder alive snaps=20581
14:44:34 INFO BrainBridge: drain alive, brain pid=22448 alive=True
14:45:31 INFO subscribe_strikes: ATM=24100 added=0 total=52
14:45:34 INFO SnapFeeder alive snaps=20641
14:45:34 INFO BrainBridge: drain alive, brain pid=22448 alive=True
14:46:31 INFO subscribe_strikes: ATM=24100 added=0 total=52
14:46:35 INFO SnapFeeder alive snaps=20701
14:46:35 INFO BrainBridge: drain alive, brain pid=22448 alive=True
14:47:25 INFO OI refresh: 226 strikes updated
14:47:30 INFO VIX fetch: 18.48
14:47:36 INFO SnapFeeder alive snaps=20761
14:47:36 INFO BrainBridge: drain alive, brain pid=22448 alive=True
14:47:40 INFO subscribe_strikes: ATM=24100 added=0 total=52
14:48:36 INFO SnapFeeder alive snaps=20821
14:48:36 INFO BrainBridge: drain alive, brain pid=22448 alive=True
14:48:40 INFO subscribe_strikes: ATM=24100 added=0 total=52
14:49:36 INFO SnapFeeder alive snaps=20881
14:49:36 INFO BrainBridge: drain alive, brain pid=22448 alive=True
14:49:40 INFO subscribe_strikes: ATM=24100 added=0 total=52
14:50:37 INFO SnapFeeder alive snaps=20941
14:50:37 INFO BrainBridge: drain alive, brain pid=22448 alive=True
14:50:40 INFO subscribe_strikes: ATM=24050 added=0 total=52
14:51:37 INFO SnapFeeder alive snaps=21001
14:51:37 INFO BrainBridge: drain alive, brain pid=22448 alive=True
14:51:40 INFO subscribe_strikes: ATM=24050 added=0 total=52
14:52:37 INFO SnapFeeder alive snaps=21061
14:52:37 INFO BrainBridge: drain alive, brain pid=22448 alive=True
14:52:40 INFO subscribe_strikes: ATM=24050 added=0 total=52
14:53:38 INFO SnapFeeder alive snaps=21121
14:53:38 INFO BrainBridge: drain alive, brain pid=22448 alive=True
14:53:40 INFO subscribe_strikes: ATM=24100 added=0 total=52
14:54:38 INFO SnapFeeder alive snaps=21181
14:54:38 INFO BrainBridge: drain alive, brain pid=22448 alive=True
14:54:40 INFO subscribe_strikes: ATM=24100 added=0 total=52
14:55:38 INFO SnapFeeder alive snaps=21241
14:55:38 INFO BrainBridge: drain alive, brain pid=22448 alive=True
14:55:40 INFO subscribe_strikes: ATM=24100 added=0 total=52
14:56:39 INFO SnapFeeder alive snaps=21301
14:56:39 INFO BrainBridge: drain alive, brain pid=22448 alive=True
14:56:40 INFO subscribe_strikes: ATM=24100 added=0 total=52
14:57:39 INFO SnapFeeder alive snaps=21361
14:57:39 INFO BrainBridge: drain alive, brain pid=22448 alive=True
14:57:40 INFO subscribe_strikes: ATM=24100 added=0 total=52
14:58:39 INFO SnapFeeder alive snaps=21421
14:58:39 INFO BrainBridge: drain alive, brain pid=22448 alive=True
14:58:40 INFO subscribe_strikes: ATM=24100 added=0 total=52
14:59:39 INFO SnapFeeder alive snaps=21481
14:59:39 INFO BrainBridge: drain alive, brain pid=22448 alive=True
14:59:40 INFO subscribe_strikes: ATM=24100 added=0 total=52
15:00:40 INFO SnapFeeder alive snaps=21541
15:00:40 INFO BrainBridge: drain alive, brain pid=22448 alive=True
15:00:40 INFO subscribe_strikes: ATM=24100 added=0 total=52
15:01:10 INFO TradingThread: FAST ENTRY → retest pending CE @126.6 (first_move=3.0)
15:01:17 INFO TradingThread: SUPPORT BREACHED CE @123.7 (support=124.1) — discarded
15:01:24 INFO TradingThread: FAST ENTRY → retest pending PE @107.5 (first_move=3.0)
15:01:38 INFO TradingThread: SUPPORT BREACHED PE @104.3 (support=105.4) — discarded
15:01:40 INFO SnapFeeder alive snaps=21601
15:01:40 INFO BrainBridge: drain alive, brain pid=22448 alive=True
15:01:40 INFO subscribe_strikes: ATM=24100 added=0 total=52
15:02:27 INFO OI refresh: 226 strikes updated
15:02:29 INFO VIX fetch: 18.53
15:02:40 INFO SnapFeeder alive snaps=21661
15:02:40 INFO BrainBridge: drain alive, brain pid=22448 alive=True
15:02:49 INFO subscribe_strikes: ATM=24100 added=0 total=52
15:03:40 INFO SnapFeeder alive snaps=21721
15:03:40 INFO BrainBridge: drain alive, brain pid=22448 alive=True
15:03:49 INFO subscribe_strikes: ATM=24100 added=0 total=52
15:04:41 INFO SnapFeeder alive snaps=21781
15:04:41 INFO BrainBridge: drain alive, brain pid=22448 alive=True
15:04:49 INFO subscribe_strikes: ATM=24100 added=0 total=52
15:04:55 INFO TradingThread: Signal Persisted (2/5 window). PENDING impulse confirm PE @94.3
15:05:00 INFO TradingThread: SUPPORT BREACHED PE @92.1 (support=92.5) — discarded
15:05:01 INFO TradingThread: Signal Persisted (2/5 window). PENDING impulse confirm PE @93.0
15:05:18 INFO TradingThread: SUPPORT BREACHED PE @90.9 (support=91.1) — discarded
15:05:41 INFO SnapFeeder alive snaps=21841
15:05:41 INFO BrainBridge: drain alive, brain pid=22448 alive=True
15:05:49 INFO subscribe_strikes: ATM=24100 added=0 total=52
15:06:42 INFO SnapFeeder alive snaps=21901
15:06:42 INFO BrainBridge: drain alive, brain pid=22448 alive=True
15:06:49 INFO subscribe_strikes: ATM=24100 added=0 total=52
15:07:21 INFO TradingThread: Signal Persisted (2/5 window). PENDING impulse confirm PE @85.5
15:07:27 INFO TradingThread: SUPPORT BREACHED PE @83.5 (support=83.8) — discarded
15:07:42 INFO SnapFeeder alive snaps=21961
15:07:42 INFO BrainBridge: drain alive, brain pid=22448 alive=True
15:07:49 INFO subscribe_strikes: ATM=24100 added=0 total=52
15:07:53 INFO TradingThread: Signal Persisted (2/5 window). PENDING impulse confirm PE @84.8
15:07:58 INFO TradingThread: SUPPORT BREACHED PE @83.2 (support=83.2) — discarded
15:08:42 INFO SnapFeeder alive snaps=22021
15:08:42 INFO BrainBridge: drain alive, brain pid=22448 alive=True
15:08:49 INFO subscribe_strikes: ATM=24100 added=0 total=52
15:09:40 INFO TradingThread: Signal Persisted (2/5 window). PENDING impulse confirm PE @82.3
15:09:42 INFO SnapFeeder alive snaps=22081
15:09:43 INFO BrainBridge: drain alive, brain pid=22448 alive=True
15:09:49 INFO subscribe_strikes: ATM=24100 added=0 total=52
15:10:00 INFO TradingThread: SUPPORT BREACHED PE @79.9 (support=80.7) — discarded
15:10:43 INFO SnapFeeder alive snaps=22141
15:10:43 INFO BrainBridge: drain alive, brain pid=22448 alive=True
15:10:49 INFO subscribe_strikes: ATM=24100 added=0 total=52
15:11:43 INFO SnapFeeder alive snaps=22201
15:11:43 INFO BrainBridge: drain alive, brain pid=22448 alive=True
15:11:49 INFO subscribe_strikes: ATM=24100 added=0 total=52
15:12:43 INFO SnapFeeder alive snaps=22261
15:12:43 INFO BrainBridge: drain alive, brain pid=22448 alive=True
15:12:49 INFO subscribe_strikes: ATM=24150 added=0 total=52
15:13:43 INFO SnapFeeder alive snaps=22321
15:13:44 INFO BrainBridge: drain alive, brain pid=22448 alive=True
15:13:50 INFO subscribe_strikes: ATM=24100 added=0 total=52
15:14:44 INFO SnapFeeder alive snaps=22381
15:14:44 INFO BrainBridge: drain alive, brain pid=22448 alive=True
15:14:50 INFO subscribe_strikes: ATM=24100 added=0 total=52
15:15:45 INFO SnapFeeder alive snaps=22441
15:15:45 INFO BrainBridge: drain alive, brain pid=22448 alive=True
15:15:50 INFO subscribe_strikes: ATM=24150 added=0 total=52
15:16:45 INFO SnapFeeder alive snaps=22501
15:16:45 INFO BrainBridge: drain alive, brain pid=22448 alive=True
15:16:50 INFO subscribe_strikes: ATM=24150 added=0 total=52
15:17:45 INFO OI refresh: 226 strikes updated
15:17:46 INFO SnapFeeder alive snaps=22561
15:17:46 INFO BrainBridge: drain alive, brain pid=22448 alive=True
15:17:49 INFO VIX fetch: 18.21
15:17:59 INFO subscribe_strikes: ATM=24100 added=0 total=52
15:18:46 INFO SnapFeeder alive snaps=22621
15:18:46 INFO BrainBridge: drain alive, brain pid=22448 alive=True
15:18:59 INFO subscribe_strikes: ATM=24100 added=0 total=52
15:19:46 INFO SnapFeeder alive snaps=22681
15:19:46 INFO BrainBridge: drain alive, brain pid=22448 alive=True
15:19:59 INFO subscribe_strikes: ATM=24150 added=0 total=52
15:20:47 INFO SnapFeeder alive snaps=22741
15:20:47 INFO BrainBridge: drain alive, brain pid=22448 alive=True
15:20:59 INFO subscribe_strikes: ATM=24150 added=0 total=52
15:21:47 INFO SnapFeeder alive snaps=22801
15:21:47 INFO BrainBridge: drain alive, brain pid=22448 alive=True
15:21:59 INFO subscribe_strikes: ATM=24150 added=0 total=52
15:22:47 INFO SnapFeeder alive snaps=22861
15:22:47 INFO BrainBridge: drain alive, brain pid=22448 alive=True
15:22:59 INFO subscribe_strikes: ATM=24100 added=0 total=52
15:23:47 INFO SnapFeeder alive snaps=22921
15:23:47 INFO BrainBridge: drain alive, brain pid=22448 alive=True
15:23:59 INFO subscribe_strikes: ATM=24100 added=0 total=52
15:24:47 INFO SnapFeeder alive snaps=22981
15:24:47 INFO BrainBridge: drain alive, brain pid=22448 alive=True
15:24:59 INFO subscribe_strikes: ATM=24100 added=0 total=52
15:25:47 INFO SnapFeeder alive snaps=23041
15:25:48 INFO BrainBridge: drain alive, brain pid=22448 alive=True
15:25:59 INFO subscribe_strikes: ATM=24100 added=0 total=52
15:26:48 INFO SnapFeeder alive snaps=23101
15:26:48 INFO BrainBridge: drain alive, brain pid=22448 alive=True
15:26:59 INFO subscribe_strikes: ATM=24150 added=0 total=52
15:27:48 INFO SnapFeeder alive snaps=23161
15:27:48 INFO BrainBridge: drain alive, brain pid=22448 alive=True
15:27:59 INFO subscribe_strikes: ATM=24100 added=0 total=52
15:28:49 INFO SnapFeeder alive snaps=23221
15:28:49 INFO BrainBridge: drain alive, brain pid=22448 alive=True
15:28:59 INFO subscribe_strikes: ATM=24100 added=0 total=52
15:29:49 INFO SnapFeeder alive snaps=23281
15:29:49 INFO BrainBridge: drain alive, brain pid=22448 alive=True
15:29:59 INFO subscribe_strikes: ATM=24100 added=0 total=52
15:30:49 INFO SnapFeeder alive snaps=23341
15:30:49 INFO BrainBridge: drain alive, brain pid=22448 alive=True
15:30:59 INFO subscribe_strikes: ATM=24100 added=0 total=52
15:31:50 INFO SnapFeeder alive snaps=23401
15:31:50 INFO BrainBridge: drain alive, brain pid=22448 alive=True
15:31:59 INFO subscribe_strikes: ATM=24100 added=0 total=52
15:32:41 INFO OI refresh: 226 strikes updated
15:32:42 INFO VIX fetch: 18.27
15:32:50 INFO SnapFeeder alive snaps=23461
15:32:50 INFO BrainBridge: drain alive, brain pid=22448 alive=True
15:33:02 INFO subscribe_strikes: ATM=24100 added=0 total=52
15:33:50 INFO SnapFeeder alive snaps=23521
15:33:50 INFO BrainBridge: drain alive, brain pid=22448 alive=True
15:34:02 INFO subscribe_strikes: ATM=24100 added=0 total=52
15:34:50 INFO SnapFeeder alive snaps=23581
15:34:50 INFO BrainBridge: drain alive, brain pid=22448 alive=True
15:35:02 INFO subscribe_strikes: ATM=24100 added=0 total=52
15:35:50 INFO SnapFeeder alive snaps=23641
15:35:50 INFO BrainBridge: drain alive, brain pid=22448 alive=True
15:36:02 INFO subscribe_strikes: ATM=24100 added=0 total=52
15:36:50 INFO SnapFeeder alive snaps=23701
15:36:50 INFO BrainBridge: drain alive, brain pid=22448 alive=True
15:37:02 INFO subscribe_strikes: ATM=24100 added=0 total=52
15:37:50 INFO SnapFeeder alive snaps=23761
15:37:50 INFO BrainBridge: drain alive, brain pid=22448 alive=True
15:38:02 INFO subscribe_strikes: ATM=24100 added=0 total=52
15:38:51 INFO SnapFeeder alive snaps=23821
15:38:51 INFO BrainBridge: drain alive, brain pid=22448 alive=True
15:39:02 INFO subscribe_strikes: ATM=24100 added=0 total=52
15:39:51 INFO SnapFeeder alive snaps=23881
15:39:51 INFO BrainBridge: drain alive, brain pid=22448 alive=True
15:40:02 INFO subscribe_strikes: ATM=24100 added=0 total=52
15:40:51 INFO SnapFeeder alive snaps=23941
15:40:51 INFO BrainBridge: drain alive, brain pid=22448 alive=True
15:41:02 INFO subscribe_strikes: ATM=24100 added=0 total=52
15:41:51 INFO SnapFeeder alive snaps=24001
15:41:51 INFO BrainBridge: drain alive, brain pid=22448 alive=True
15:42:02 INFO subscribe_strikes: ATM=24100 added=0 total=52
15:42:51 INFO SnapFeeder alive snaps=24061
15:42:51 INFO BrainBridge: drain alive, brain pid=22448 alive=True
15:43:02 INFO subscribe_strikes: ATM=24100 added=0 total=52
15:43:51 INFO SnapFeeder alive snaps=24121
15:43:51 INFO BrainBridge: drain alive, brain pid=22448 alive=True
15:44:02 INFO subscribe_strikes: ATM=24100 added=0 total=52
15:44:51 INFO SnapFeeder alive snaps=24181
15:44:51 INFO BrainBridge: drain alive, brain pid=22448 alive=True
15:45:02 INFO subscribe_strikes: ATM=24100 added=0 total=52
15:45:51 INFO SnapFeeder alive snaps=24241
15:45:51 INFO BrainBridge: drain alive, brain pid=22448 alive=True
15:46:02 INFO subscribe_strikes: ATM=24100 added=0 total=52
15:46:52 INFO SnapFeeder alive snaps=24301
15:46:52 INFO BrainBridge: drain alive, brain pid=22448 alive=True
15:47:02 INFO subscribe_strikes: ATM=24100 added=0 total=52
15:47:46 INFO OI refresh: 226 strikes updated
15:47:47 INFO VIX fetch: 18.30
15:47:52 INFO SnapFeeder alive snaps=24361
15:47:52 INFO BrainBridge: drain alive, brain pid=22448 alive=True
15:48:07 INFO subscribe_strikes: ATM=24100 added=0 total=52
15:48:52 INFO SnapFeeder alive snaps=24421
15:48:52 INFO BrainBridge: drain alive, brain pid=22448 alive=True
15:49:07 INFO subscribe_strikes: ATM=24100 added=0 total=52
15:49:52 INFO SnapFeeder alive snaps=24481
15:49:52 INFO BrainBridge: drain alive, brain pid=22448 alive=True
15:50:07 INFO subscribe_strikes: ATM=24100 added=0 total=52
15:50:52 INFO SnapFeeder alive snaps=24541
15:50:52 INFO BrainBridge: drain alive, brain pid=22448 alive=True
15:51:07 INFO subscribe_strikes: ATM=24100 added=0 total=52
15:51:52 INFO SnapFeeder alive snaps=24601
15:51:52 INFO BrainBridge: drain alive, brain pid=22448 alive=True
15:52:07 INFO subscribe_strikes: ATM=24100 added=0 total=52
15:52:52 INFO SnapFeeder alive snaps=24661
15:52:52 INFO BrainBridge: drain alive, brain pid=22448 alive=True
15:53:07 INFO subscribe_strikes: ATM=24100 added=0 total=52
15:53:52 INFO SnapFeeder alive snaps=24721
15:53:53 INFO BrainBridge: drain alive, brain pid=22448 alive=True
15:54:07 INFO subscribe_strikes: ATM=24100 added=0 total=52
15:54:53 INFO SnapFeeder alive snaps=24781
15:54:53 INFO BrainBridge: drain alive, brain pid=22448 alive=True
15:55:07 INFO subscribe_strikes: ATM=24100 added=0 total=52
15:55:53 INFO SnapFeeder alive snaps=24841
15:55:53 INFO BrainBridge: drain alive, brain pid=22448 alive=True
15:56:07 INFO subscribe_strikes: ATM=24100 added=0 total=52
15:56:53 INFO SnapFeeder alive snaps=24901
15:56:53 INFO BrainBridge: drain alive, brain pid=22448 alive=True
15:57:07 INFO subscribe_strikes: ATM=24100 added=0 total=52
15:57:53 INFO SnapFeeder alive snaps=24961
15:57:53 INFO BrainBridge: drain alive, brain pid=22448 alive=True
15:58:07 INFO subscribe_strikes: ATM=24100 added=0 total=52
15:58:53 INFO SnapFeeder alive snaps=25021
15:58:53 INFO BrainBridge: drain alive, brain pid=22448 alive=True
15:59:07 INFO subscribe_strikes: ATM=24100 added=0 total=52
15:59:53 INFO SnapFeeder alive snaps=25081
15:59:53 INFO BrainBridge: drain alive, brain pid=22448 alive=True
16:00:07 INFO subscribe_strikes: ATM=24100 added=0 total=52
16:00:53 INFO SnapFeeder alive snaps=25141
16:00:53 INFO BrainBridge: drain alive, brain pid=22448 alive=True
16:01:07 INFO subscribe_strikes: ATM=24100 added=0 total=52
16:01:53 INFO SnapFeeder alive snaps=25201
16:01:53 INFO BrainBridge: drain alive, brain pid=22448 alive=True
16:02:07 INFO subscribe_strikes: ATM=24100 added=0 total=52
16:02:49 INFO OI refresh: 226 strikes updated
16:02:50 INFO VIX fetch: 18.30
16:02:53 INFO SnapFeeder alive snaps=25261
16:02:53 INFO BrainBridge: drain alive, brain pid=22448 alive=True
16:03:10 INFO subscribe_strikes: ATM=24100 added=0 total=52
16:03:54 INFO SnapFeeder alive snaps=25321
16:03:54 INFO BrainBridge: drain alive, brain pid=22448 alive=True
16:04:10 INFO subscribe_strikes: ATM=24100 added=0 total=52
16:04:54 INFO SnapFeeder alive snaps=25381
16:04:54 INFO BrainBridge: drain alive, brain pid=22448 alive=True
16:05:10 INFO subscribe_strikes: ATM=24100 added=0 total=52
16:05:54 INFO SnapFeeder alive snaps=25441
16:05:54 INFO BrainBridge: drain alive, brain pid=22448 alive=True
16:06:10 INFO subscribe_strikes: ATM=24100 added=0 total=52
16:06:54 INFO SnapFeeder alive snaps=25501
16:06:54 INFO BrainBridge: drain alive, brain pid=22448 alive=True
16:07:10 INFO subscribe_strikes: ATM=24100 added=0 total=52
16:07:54 INFO SnapFeeder alive snaps=25561
16:07:54 INFO BrainBridge: drain alive, brain pid=22448 alive=True
16:08:10 INFO subscribe_strikes: ATM=24100 added=0 total=52
16:08:54 INFO SnapFeeder alive snaps=25621
16:08:54 INFO BrainBridge: drain alive, brain pid=22448 alive=True
16:09:10 INFO subscribe_strikes: ATM=24100 added=0 total=52
16:09:54 INFO SnapFeeder alive snaps=25681
16:09:54 INFO BrainBridge: drain alive, brain pid=22448 alive=True
16:10:10 INFO subscribe_strikes: ATM=24100 added=0 total=52
16:10:55 INFO SnapFeeder alive snaps=25741
16:10:55 INFO BrainBridge: drain alive, brain pid=22448 alive=True
16:11:10 INFO subscribe_strikes: ATM=24100 added=0 total=52
16:11:55 INFO SnapFeeder alive snaps=25801
16:11:55 INFO BrainBridge: drain alive, brain pid=22448 alive=True
16:12:10 INFO subscribe_strikes: ATM=24100 added=0 total=52
16:12:55 INFO SnapFeeder alive snaps=25861
16:12:55 INFO BrainBridge: drain alive, brain pid=22448 alive=True
16:13:10 INFO subscribe_strikes: ATM=24100 added=0 total=52
16:13:55 INFO SnapFeeder alive snaps=25921
16:13:55 INFO BrainBridge: drain alive, brain pid=22448 alive=True
16:14:10 INFO subscribe_strikes: ATM=24100 added=0 total=52
16:14:55 INFO SnapFeeder alive snaps=25981
16:14:55 INFO BrainBridge: drain alive, brain pid=22448 alive=True
16:15:10 INFO subscribe_strikes: ATM=24100 added=0 total=52
16:15:55 INFO SnapFeeder alive snaps=26041
16:15:55 INFO BrainBridge: drain alive, brain pid=22448 alive=True
16:16:10 INFO subscribe_strikes: ATM=24100 added=0 total=52
16:16:55 INFO SnapFeeder alive snaps=26101
16:16:55 INFO BrainBridge: drain alive, brain pid=22448 alive=True
16:17:10 INFO subscribe_strikes: ATM=24100 added=0 total=52
16:17:54 INFO OI refresh: 226 strikes updated
16:17:54 INFO VIX fetch: 18.30
16:17:55 INFO SnapFeeder alive snaps=26161
16:17:55 INFO BrainBridge: drain alive, brain pid=22448 alive=True
16:18:14 INFO subscribe_strikes: ATM=24100 added=0 total=52
16:18:55 INFO SnapFeeder alive snaps=26221
16:18:55 INFO BrainBridge: drain alive, brain pid=22448 alive=True
16:19:14 INFO subscribe_strikes: ATM=24100 added=0 total=52
16:19:56 INFO SnapFeeder alive snaps=26281
16:19:56 INFO BrainBridge: drain alive, brain pid=22448 alive=True
16:20:14 INFO subscribe_strikes: ATM=24100 added=0 total=52
16:20:56 INFO SnapFeeder alive snaps=26341
16:20:56 INFO BrainBridge: drain alive, brain pid=22448 alive=True
16:21:14 INFO subscribe_strikes: ATM=24100 added=0 total=52
16:21:56 INFO SnapFeeder alive snaps=26401
16:21:56 INFO BrainBridge: drain alive, brain pid=22448 alive=True
16:22:14 INFO subscribe_strikes: ATM=24100 added=0 total=52
16:22:56 INFO SnapFeeder alive snaps=26461
16:22:56 INFO BrainBridge: drain alive, brain pid=22448 alive=True
16:23:14 INFO subscribe_strikes: ATM=24100 added=0 total=52
16:23:56 INFO SnapFeeder alive snaps=26521
16:23:56 INFO BrainBridge: drain alive, brain pid=22448 alive=True
16:24:14 INFO subscribe_strikes: ATM=24100 added=0 total=52
16:24:56 INFO SnapFeeder alive snaps=26581
16:24:56 INFO BrainBridge: drain alive, brain pid=22448 alive=True
16:25:14 INFO subscribe_strikes: ATM=24100 added=0 total=52
16:25:56 INFO SnapFeeder alive snaps=26641
16:25:56 INFO BrainBridge: drain alive, brain pid=22448 alive=True
16:26:14 INFO subscribe_strikes: ATM=24100 added=0 total=52
16:26:56 INFO SnapFeeder alive snaps=26701
16:26:56 INFO BrainBridge: drain alive, brain pid=22448 alive=True
16:27:14 INFO subscribe_strikes: ATM=24100 added=0 total=52
16:27:56 INFO SnapFeeder alive snaps=26761
16:27:56 INFO BrainBridge: drain alive, brain pid=22448 alive=True
16:28:14 INFO subscribe_strikes: ATM=24100 added=0 total=52
16:28:57 INFO SnapFeeder alive snaps=26821
16:28:57 INFO BrainBridge: drain alive, brain pid=22448 alive=True
16:29:14 INFO subscribe_strikes: ATM=24100 added=0 total=52
16:29:57 INFO SnapFeeder alive snaps=26881
16:29:57 INFO BrainBridge: drain alive, brain pid=22448 alive=True
16:30:14 INFO subscribe_strikes: ATM=24100 added=0 total=52
16:30:57 INFO SnapFeeder alive snaps=26941
16:30:57 INFO BrainBridge: drain alive, brain pid=22448 alive=True
16:31:14 INFO subscribe_strikes: ATM=24100 added=0 total=52
16:31:57 INFO SnapFeeder alive snaps=27001
16:31:57 INFO BrainBridge: drain alive, brain pid=22448 alive=True
16:32:14 INFO subscribe_strikes: ATM=24100 added=0 total=52
16:32:57 INFO OI refresh: 226 strikes updated
16:32:57 INFO SnapFeeder alive snaps=27061
16:32:57 INFO BrainBridge: drain alive, brain pid=22448 alive=True
16:32:57 INFO VIX fetch: 18.30
16:33:17 INFO subscribe_strikes: ATM=24100 added=0 total=52
16:33:57 INFO SnapFeeder alive snaps=27121
16:33:57 INFO BrainBridge: drain alive, brain pid=22448 alive=True
16:34:17 INFO subscribe_strikes: ATM=24100 added=0 total=52
16:34:57 INFO SnapFeeder alive snaps=27181
16:34:57 INFO BrainBridge: drain alive, brain pid=22448 alive=True
16:35:17 INFO subscribe_strikes: ATM=24100 added=0 total=52
16:35:58 INFO SnapFeeder alive snaps=27241
16:35:58 INFO BrainBridge: drain alive, brain pid=22448 alive=True
16:36:17 INFO subscribe_strikes: ATM=24100 added=0 total=52
16:36:58 INFO SnapFeeder alive snaps=27301
16:36:58 INFO BrainBridge: drain alive, brain pid=22448 alive=True
16:37:17 INFO subscribe_strikes: ATM=24100 added=0 total=52
16:37:58 INFO SnapFeeder alive snaps=27361
16:37:58 INFO BrainBridge: drain alive, brain pid=22448 alive=True
16:38:17 INFO subscribe_strikes: ATM=24100 added=0 total=52
16:38:58 INFO SnapFeeder alive snaps=27421
16:38:58 INFO BrainBridge: drain alive, brain pid=22448 alive=True
16:39:17 INFO subscribe_strikes: ATM=24100 added=0 total=52
16:39:58 INFO SnapFeeder alive snaps=27481
16:39:58 INFO BrainBridge: drain alive, brain pid=22448 alive=True
16:40:17 INFO subscribe_strikes: ATM=24100 added=0 total=52
16:40:58 INFO SnapFeeder alive snaps=27541
16:40:58 INFO BrainBridge: drain alive, brain pid=22448 alive=True
16:41:17 INFO subscribe_strikes: ATM=24100 added=0 total=52
16:41:58 INFO SnapFeeder alive snaps=27601
16:41:58 INFO BrainBridge: drain alive, brain pid=22448 alive=True
16:42:17 INFO subscribe_strikes: ATM=24100 added=0 total=52
16:42:58 INFO SnapFeeder alive snaps=27661
16:42:58 INFO BrainBridge: drain alive, brain pid=22448 alive=True
16:43:17 INFO subscribe_strikes: ATM=24100 added=0 total=52
16:43:49 WARNING BrainBridge._drain: _running cleared, thread exiting
